model,graph_seed,strategy,sim_rep,nodes_remaining,edges_remaining,final_fraction_infected,t_25,t_50,t_75,auc_infected
ER,0,none,0,500,1495,0.994,7.0,8.0,10.0,12.174
ER,0,none,1,500,1495,0.994,7.0,8.0,10.0,12.13
ER,0,none,2,500,1495,0.996,6.0,8.0,9.0,12.729
ER,0,none,3,500,1495,0.994,9.0,10.0,11.0,10.521999999999998
ER,0,none,4,500,1495,0.994,10.0,12.0,13.0,8.716000000000001
ER,0,none,5,500,1495,0.996,9.0,10.0,11.0,10.384999999999998
ER,0,none,6,500,1495,0.994,8.0,10.0,11.0,10.646000000000003
ER,0,none,7,500,1495,0.996,7.0,8.0,10.0,11.912999999999998
ER,0,none,8,500,1495,0.986,9.0,11.0,12.0,9.793999999999999
ER,0,none,9,500,1495,0.992,10.0,11.0,13.0,9.253
ER,0,none,10,500,1495,0.994,8.0,9.0,10.0,11.5
ER,0,none,11,500,1495,0.988,6.0,8.0,9.0,12.511000000000001
ER,0,none,12,500,1495,0.996,6.0,8.0,9.0,12.553
ER,0,none,13,500,1495,0.992,8.0,9.0,11.0,11.247
ER,0,none,14,500,1495,0.994,8.0,10.0,11.0,10.934000000000001
ER,0,targeted_pagerank,0,450,1009,0.9822222222222222,10.0,11.0,13.0,9.121111111111112
ER,0,targeted_pagerank,1,450,1009,0.9511111111111111,11.0,13.0,15.0,7.227777777777778
ER,0,targeted_pagerank,2,450,1009,0.9688888888888889,9.0,11.0,13.0,9.243333333333334
ER,0,targeted_pagerank,3,450,1009,0.9733333333333334,9.0,11.0,13.0,9.172222222222224
ER,0,targeted_pagerank,4,450,1009,0.9533333333333334,12.0,14.0,16.0,6.871111111111111
ER,0,targeted_pagerank,5,450,1009,0.9711111111111111,10.0,11.0,14.0,8.886666666666667
ER,0,targeted_pagerank,6,450,1009,0.9666666666666667,10.0,12.0,14.0,8.473333333333333
ER,0,targeted_pagerank,7,450,1009,0.9644444444444444,11.0,13.0,15.0,7.076666666666666
ER,0,targeted_pagerank,8,450,1009,0.9555555555555556,10.0,12.0,15.0,7.916666666666667
ER,0,targeted_pagerank,9,450,1009,0.9644444444444444,11.0,13.0,15.0,7.390000000000001
ER,0,targeted_pagerank,10,450,1009,0.9644444444444444,11.0,13.0,16.0,7.238888888888889
ER,0,targeted_pagerank,11,450,1009,0.9777777777777777,9.0,11.0,13.0,9.534444444444444
ER,0,targeted_pagerank,12,450,1009,0.9777777777777777,8.0,10.0,12.0,10.496666666666668
ER,0,targeted_pagerank,13,450,1009,0.9755555555555555,10.0,12.0,14.0,8.23777777777778
ER,0,targeted_pagerank,14,450,1009,0.66,17.0,19.0,,1.9666666666666668
ER,0,random,0,450,1219,0.9955555555555555,8.0,9.0,11.0,11.290000000000003
ER,0,random,1,450,1219,0.9911111111111112,8.0,10.0,11.0,10.941111111111113
ER,0,random,2,450,1219,0.9866666666666667,8.0,10.0,11.0,10.518888888888888
ER,0,random,3,450,1219,0.9911111111111112,8.0,10.0,11.0,10.510000000000002
ER,0,random,4,450,1219,0.9866666666666667,9.0,11.0,12.0,9.858888888888888
ER,0,random,5,450,1219,0.9933333333333333,7.0,9.0,11.0,11.4
ER,0,random,6,450,1219,0.9866666666666667,9.0,11.0,13.0,9.772222222222222
ER,0,random,7,450,1219,0.9933333333333333,9.0,10.0,12.0,10.155555555555555
ER,0,random,8,450,1219,0.9844444444444445,9.0,11.0,13.0,9.644444444444446
ER,0,random,9,450,1219,0.9844444444444445,10.0,12.0,13.0,8.906666666666666
ER,0,random,10,450,1219,0.9955555555555555,9.0,10.0,12.0,10.252222222222223
ER,0,random,11,450,1219,0.9933333333333333,7.0,9.0,11.0,11.544444444444444
ER,0,random,12,450,1219,0.9933333333333333,6.0,8.0,10.0,12.533333333333337
ER,0,random,13,450,1219,0.9911111111111112,9.0,11.0,13.0,9.616666666666667
ER,0,random,14,450,1219,0.9822222222222222,12.0,14.0,15.0,6.721111111111112
WS,0,none,0,500,1500,1.0,10.0,12.0,14.0,8.811
WS,0,none,1,500,1500,1.0,10.0,12.0,13.0,8.995000000000001
WS,0,none,2,500,1500,1.0,9.0,11.0,13.0,9.786999999999999
WS,0,none,3,500,1500,1.0,9.0,11.0,13.0,9.811
WS,0,none,4,500,1500,0.97,13.0,15.0,17.0,5.598
WS,0,none,5,500,1500,1.0,9.0,11.0,13.0,9.839
WS,0,none,6,500,1500,1.0,9.0,12.0,13.0,9.225
WS,0,none,7,500,1500,0.998,10.0,12.0,14.0,9.054
WS,0,none,8,500,1500,0.992,11.0,13.0,15.0,7.8870000000000005
WS,0,none,9,500,1500,0.992,11.0,13.0,15.0,7.413000000000001
WS,0,none,10,500,1500,1.0,10.0,12.0,14.0,8.435
WS,0,none,11,500,1500,1.0,8.0,10.0,11.0,10.933000000000002
WS,0,none,12,500,1500,1.0,8.0,10.0,12.0,10.305
WS,0,none,13,500,1500,0.992,12.0,14.0,16.0,6.599
WS,0,none,14,500,1500,1.0,10.0,12.0,13.0,8.917000000000002
WS,0,targeted_pagerank,0,450,1121,0.9511111111111111,13.0,15.0,18.0,5.716666666666667
WS,0,targeted_pagerank,1,450,1121,0.9066666666666666,12.0,16.0,18.0,5.45
WS,0,targeted_pagerank,2,450,1121,0.9666666666666667,11.0,14.0,16.0,6.826666666666667
WS,0,targeted_pagerank,3,450,1121,0.8933333333333333,14.0,16.0,19.0,4.7122222222222225
WS,0,targeted_pagerank,4,450,1121,0.7333333333333333,15.0,18.0,,3.6388888888888884
WS,0,targeted_pagerank,5,450,1121,0.8644444444444445,14.0,16.0,19.0,4.742222222222223
WS,0,targeted_pagerank,6,450,1121,0.5555555555555556,17.0,20.0,,2.276666666666667
WS,0,targeted_pagerank,7,450,1121,0.7755555555555556,14.0,17.0,20.0,4.064444444444445
WS,0,targeted_pagerank,8,450,1121,0.8888888888888888,12.0,16.0,18.0,5.572222222222223
WS,0,targeted_pagerank,9,450,1121,0.9044444444444445,13.0,15.0,18.0,5.424444444444444
WS,0,targeted_pagerank,10,450,1121,0.8711111111111111,13.0,17.0,19.0,4.681111111111111
WS,0,targeted_pagerank,11,450,1121,0.9755555555555555,10.0,13.0,15.0,8.068888888888889
WS,0,targeted_pagerank,12,450,1121,0.9688888888888889,10.0,13.0,16.0,7.57
WS,0,targeted_pagerank,13,450,1121,0.7244444444444444,16.0,19.0,,3.072222222222222
WS,0,targeted_pagerank,14,450,1121,0.92,12.0,14.0,17.0,6.33
WS,0,random,0,450,1220,0.9888888888888889,12.0,14.0,16.0,6.779999999999999
WS,0,random,1,450,1220,0.98,12.0,15.0,17.0,6.106666666666667
WS,0,random,2,450,1220,0.9644444444444444,12.0,14.0,16.0,6.692222222222223
WS,0,random,3,450,1220,0.9933333333333333,12.0,14.0,16.0,6.771111111111111
WS,0,random,4,450,1220,0.6711111111111111,17.0,19.0,,2.5233333333333334
WS,0,random,5,450,1220,1.0,10.0,12.0,14.0,8.385555555555555
WS,0,random,6,450,1220,1.0,10.0,12.0,14.0,8.758888888888889
WS,0,random,7,450,1220,0.9533333333333334,12.0,14.0,16.0,6.8533333333333335
WS,0,random,8,450,1220,0.9733333333333334,12.0,14.0,17.0,6.585555555555556
WS,0,random,9,450,1220,0.9711111111111111,12.0,14.0,16.0,6.8022222222222215
WS,0,random,10,450,1220,0.9933333333333333,10.0,12.0,15.0,8.36888888888889
WS,0,random,11,450,1220,1.0,8.0,10.0,12.0,10.678888888888888
WS,0,random,12,450,1220,1.0,9.0,12.0,14.0,9.236666666666665
WS,0,random,13,450,1220,0.9866666666666667,12.0,14.0,16.0,6.956666666666667
WS,0,random,14,450,1220,0.9933333333333333,11.0,13.0,15.0,7.6866666666666665
BA,0,none,0,500,1491,1.0,6.0,7.0,8.0,13.087
BA,0,none,1,500,1491,1.0,6.0,8.0,9.0,12.995000000000001
BA,0,none,2,500,1491,1.0,6.0,7.0,8.0,13.165
BA,0,none,3,500,1491,1.0,7.0,8.0,9.0,12.661
BA,0,none,4,500,1491,1.0,10.0,11.0,13.0,9.019
BA,0,none,5,500,1491,1.0,6.0,7.0,9.0,13.051
BA,0,none,6,500,1491,1.0,7.0,8.0,10.0,11.965
BA,0,none,7,500,1491,0.998,9.0,10.0,12.0,10.129999999999999
BA,0,none,8,500,1491,1.0,8.0,9.0,11.0,10.899
BA,0,none,9,500,1491,1.0,5.0,7.0,8.0,13.563
BA,0,none,10,500,1491,1.0,7.0,9.0,10.0,11.717
BA,0,none,11,500,1491,1.0,5.0,6.0,7.0,14.611
BA,0,none,12,500,1491,1.0,6.0,8.0,9.0,12.647
BA,0,none,13,500,1491,1.0,6.0,7.0,8.0,13.455
BA,0,none,14,500,1491,1.0,7.0,8.0,9.0,12.419
BA,0,targeted_pagerank,0,450,611,0.4111111111111111,18.0,,,2.1044444444444443
BA,0,targeted_pagerank,1,450,611,0.20444444444444446,,,,0.87
BA,0,targeted_pagerank,2,450,611,0.6377777777777778,14.0,19.0,,3.764444444444444
BA,0,targeted_pagerank,3,450,611,0.5688888888888889,16.0,20.0,,2.8722222222222227
BA,0,targeted_pagerank,4,450,611,0.3244444444444444,19.0,,,1.3033333333333332
BA,0,targeted_pagerank,5,450,611,0.5577777777777778,16.0,20.0,,2.7622222222222224
BA,0,targeted_pagerank,6,450,611,0.3377777777777778,19.0,,,1.5366666666666666
BA,0,targeted_pagerank,7,450,611,0.5911111111111111,15.0,19.0,,3.2255555555555557
BA,0,targeted_pagerank,8,450,611,0.23777777777777778,,,,1.08
BA,0,targeted_pagerank,9,450,611,0.20444444444444446,,,,0.9033333333333333
BA,0,targeted_pagerank,10,450,611,0.1622222222222222,,,,0.9000000000000001
BA,0,targeted_pagerank,11,450,611,0.6822222222222222,13.0,17.0,,4.297777777777778
BA,0,targeted_pagerank,12,450,611,0.6977777777777778,13.0,17.0,,4.432222222222222
BA,0,targeted_pagerank,13,450,611,0.41333333333333333,17.0,,,2.1077777777777778
BA,0,targeted_pagerank,14,450,611,0.1711111111111111,,,,0.8488888888888888
BA,0,random,0,450,1111,0.9955555555555555,6.0,8.0,9.0,12.39
BA,0,random,1,450,1111,0.9933333333333333,8.0,10.0,11.0,10.673333333333334
BA,0,random,2,450,1111,0.9933333333333333,5.0,7.0,8.0,13.524444444444446
BA,0,random,3,450,1111,0.9955555555555555,8.0,9.0,11.0,11.223333333333336
BA,0,random,4,450,1111,0.9888888888888889,9.0,10.0,11.0,10.30888888888889
BA,0,random,5,450,1111,0.9955555555555555,8.0,10.0,11.0,10.636666666666667
BA,0,random,6,450,1111,0.9977777777777778,9.0,11.0,12.0,9.473333333333333
BA,0,random,7,450,1111,0.9755555555555555,11.0,12.0,14.0,8.044444444444444
BA,0,random,8,450,1111,0.9844444444444445,10.0,12.0,13.0,8.622222222222222
BA,0,random,9,450,1111,0.9911111111111112,7.0,9.0,11.0,11.072222222222223
BA,0,random,10,450,1111,0.9977777777777778,6.0,7.0,9.0,12.79111111111111
BA,0,random,11,450,1111,0.9955555555555555,6.0,8.0,9.0,12.723333333333333
BA,0,random,12,450,1111,0.9933333333333333,6.0,8.0,10.0,12.502222222222226
BA,0,random,13,450,1111,0.9933333333333333,10.0,11.0,12.0,9.462222222222223
BA,0,random,14,450,1111,0.9911111111111112,10.0,12.0,13.0,8.547777777777778
ER,1,none,0,500,1521,0.986,7.0,8.0,10.0,12.196000000000002
ER,1,none,1,500,1521,0.99,6.0,8.0,9.0,12.742000000000003
ER,1,none,2,500,1521,0.988,10.0,11.0,13.0,9.100999999999999
ER,1,none,3,500,1521,0.986,10.0,12.0,13.0,8.973999999999998
ER,1,none,4,500,1521,0.99,8.0,9.0,11.0,11.134
ER,1,none,5,500,1521,0.986,8.0,9.0,11.0,11.143999999999998
ER,1,none,6,500,1521,0.986,8.0,9.0,11.0,10.988000000000001
ER,1,none,7,500,1521,0.988,9.0,11.0,12.0,9.857000000000001
ER,1,none,8,500,1521,0.988,7.0,8.0,10.0,12.274999999999999
ER,1,none,9,500,1521,0.988,7.0,9.0,10.0,11.546999999999999
ER,1,none,10,500,1521,0.988,7.0,8.0,10.0,12.267000000000001
ER,1,none,11,500,1521,0.988,8.0,10.0,11.0,10.713
ER,1,none,12,500,1521,0.988,9.0,10.0,12.0,10.251000000000001
ER,1,none,13,500,1521,0.986,7.0,8.0,10.0,12.060000000000002
ER,1,none,14,500,1521,0.99,8.0,9.0,11.0,11.022
ER,1,targeted_pagerank,0,450,1042,0.9755555555555555,9.0,11.0,13.0,9.54
ER,1,targeted_pagerank,1,450,1042,0.9688888888888889,9.0,11.0,13.0,9.098888888888888
ER,1,targeted_pagerank,2,450,1042,0.3622222222222222,20.0,,,0.8622222222222222
ER,1,targeted_pagerank,3,450,1042,0.9333333333333333,14.0,16.0,18.0,4.705555555555556
ER,1,targeted_pagerank,4,450,1042,0.9666666666666667,10.0,12.0,14.0,8.075555555555555
ER,1,targeted_pagerank,5,450,1042,0.9666666666666667,8.0,10.0,12.0,9.944444444444445
ER,1,targeted_pagerank,6,450,1042,0.9755555555555555,8.0,11.0,12.0,9.92222222222222
ER,1,targeted_pagerank,7,450,1042,0.9622222222222222,10.0,12.0,14.0,8.175555555555555
ER,1,targeted_pagerank,8,450,1042,0.9711111111111111,9.0,11.0,13.0,9.526666666666667
ER,1,targeted_pagerank,9,450,1042,0.9711111111111111,8.0,10.0,12.0,9.895555555555555
ER,1,targeted_pagerank,10,450,1042,0.9066666666666666,14.0,16.0,18.0,4.647777777777778
ER,1,targeted_pagerank,11,450,1042,0.9644444444444444,11.0,13.0,15.0,7.554444444444445
ER,1,targeted_pagerank,12,450,1042,0.9622222222222222,10.0,12.0,14.0,8.815555555555555
ER,1,targeted_pagerank,13,450,1042,0.9688888888888889,9.0,11.0,13.0,9.752222222222223
ER,1,targeted_pagerank,14,450,1042,0.9488888888888889,10.0,12.0,14.0,8.133333333333333
ER,1,random,0,450,1234,0.9888888888888889,7.0,8.0,10.0,11.92222222222222
ER,1,random,1,450,1234,0.9866666666666667,6.0,8.0,10.0,12.318888888888889
ER,1,random,2,450,1234,0.9822222222222222,11.0,13.0,14.0,8.032222222222222
ER,1,random,3,450,1234,0.9644444444444444,13.0,14.0,16.0,6.232222222222223
ER,1,random,4,450,1234,0.9822222222222222,8.0,9.0,11.0,11.025555555555558
ER,1,random,5,450,1234,0.9844444444444445,7.0,9.0,11.0,11.57777777777778
ER,1,random,6,450,1234,0.9844444444444445,10.0,12.0,13.0,9.008888888888889
ER,1,random,7,450,1234,0.9888888888888889,6.0,8.0,9.0,12.511111111111113
ER,1,random,8,450,1234,0.98,9.0,11.0,13.0,9.444444444444445
ER,1,random,9,450,1234,0.9844444444444445,8.0,10.0,12.0,10.488888888888887
ER,1,random,10,450,1234,0.9866666666666667,7.0,9.0,11.0,11.427777777777777
ER,1,random,11,450,1234,0.9888888888888889,11.0,13.0,14.0,8.05111111111111
ER,1,random,12,450,1234,0.9844444444444445,9.0,11.0,13.0,9.542222222222222
ER,1,random,13,450,1234,0.9888888888888889,7.0,9.0,10.0,11.784444444444444
ER,1,random,14,450,1234,0.9844444444444445,8.0,10.0,11.0,10.80888888888889
WS,1,none,0,500,1500,0.998,10.0,12.0,14.0,8.921999999999999
WS,1,none,1,500,1500,1.0,9.0,12.0,13.0,9.395
WS,1,none,2,500,1500,0.968,14.0,16.0,17.0,5.311
WS,1,none,3,500,1500,0.91,15.0,17.0,19.0,4.176
WS,1,none,4,500,1500,1.0,8.0,10.0,12.0,10.463
WS,1,none,5,500,1500,0.998,10.0,13.0,15.0,8.142
WS,1,none,6,500,1500,0.992,11.0,13.0,15.0,7.6370000000000005
WS,1,none,7,500,1500,0.998,9.0,11.0,13.0,9.450000000000001
WS,1,none,8,500,1500,1.0,9.0,11.0,12.0,9.975
WS,1,none,9,500,1500,1.0,10.0,12.0,14.0,8.927
WS,1,none,10,500,1500,0.998,11.0,13.0,14.0,8.088000000000001
WS,1,none,11,500,1500,0.998,11.0,13.0,15.0,7.768000000000001
WS,1,none,12,500,1500,0.998,11.0,13.0,15.0,7.534000000000001
WS,1,none,13,500,1500,0.986,11.0,13.0,15.0,7.632
WS,1,none,14,500,1500,1.0,10.0,12.0,13.0,8.991
WS,1,targeted_pagerank,0,450,1118,0.9355555555555556,12.0,15.0,17.0,5.988888888888889
WS,1,targeted_pagerank,1,450,1118,0.9222222222222223,12.0,15.0,18.0,6.182222222222222
WS,1,targeted_pagerank,2,450,1118,0.6977777777777778,15.0,18.0,,3.3566666666666665
WS,1,targeted_pagerank,3,450,1118,0.5133333333333333,17.0,20.0,,2.035555555555556
WS,1,targeted_pagerank,4,450,1118,0.7711111111111111,14.0,18.0,20.0,4.064444444444444
WS,1,targeted_pagerank,5,450,1118,0.7222222222222222,15.0,18.0,,3.8022222222222215
WS,1,targeted_pagerank,6,450,1118,0.8577777777777778,12.0,16.0,19.0,5.167777777777777
WS,1,targeted_pagerank,7,450,1118,0.8866666666666667,13.0,16.0,18.0,5.337777777777778
WS,1,targeted_pagerank,8,450,1118,0.9777777777777777,11.0,13.0,16.0,7.358888888888888
WS,1,targeted_pagerank,9,450,1118,0.7977777777777778,14.0,17.0,20.0,4.337777777777777
WS,1,targeted_pagerank,10,450,1118,0.9733333333333334,11.0,13.0,16.0,7.403333333333332
WS,1,targeted_pagerank,11,450,1118,0.8022222222222222,14.0,17.0,20.0,4.26
WS,1,targeted_pagerank,12,450,1118,0.9311111111111111,11.0,14.0,17.0,6.442222222222222
WS,1,targeted_pagerank,13,450,1118,0.7822222222222223,14.0,17.0,20.0,4.152222222222222
WS,1,targeted_pagerank,14,450,1118,0.8333333333333334,14.0,17.0,20.0,4.397777777777778
WS,1,random,0,450,1213,0.9933333333333333,11.0,13.0,15.0,7.448888888888889
WS,1,random,1,450,1213,0.9844444444444445,12.0,14.0,16.0,6.873333333333333
WS,1,random,2,450,1213,0.9577777777777777,13.0,15.0,17.0,5.888888888888888
WS,1,random,3,450,1213,0.8,15.0,18.0,20.0,3.394444444444445
WS,1,random,4,450,1213,0.9777777777777777,12.0,15.0,17.0,6.334444444444445
WS,1,random,5,450,1213,0.9577777777777777,13.0,15.0,17.0,5.5311111111111115
WS,1,random,6,450,1213,0.9622222222222222,13.0,15.0,17.0,5.935555555555556
WS,1,random,7,450,1213,0.9955555555555555,10.0,12.0,15.0,8.370000000000001
WS,1,random,8,450,1213,0.9911111111111112,10.0,12.0,14.0,8.358888888888888
WS,1,random,9,450,1213,0.9822222222222222,10.0,13.0,15.0,7.905555555555555
WS,1,random,10,450,1213,0.9888888888888889,10.0,13.0,15.0,8.08222222222222
WS,1,random,11,450,1213,0.9822222222222222,10.0,13.0,15.0,7.685555555555556
WS,1,random,12,450,1213,0.9888888888888889,11.0,13.0,15.0,7.511111111111111
WS,1,random,13,450,1213,0.9688888888888889,12.0,15.0,17.0,6.412222222222223
WS,1,random,14,450,1213,0.9422222222222222,13.0,15.0,17.0,6.065555555555555
BA,1,none,0,500,1491,1.0,7.0,8.0,9.0,12.497
BA,1,none,1,500,1491,1.0,6.0,7.0,8.0,13.220999999999998
BA,1,none,2,500,1491,1.0,8.0,9.0,11.0,11.087
BA,1,none,3,500,1491,0.998,10.0,11.0,12.0,9.414
BA,1,none,4,500,1491,0.998,7.0,8.0,9.0,12.656
BA,1,none,5,500,1491,1.0,6.0,7.0,9.0,13.085
BA,1,none,6,500,1491,1.0,7.0,8.0,10.0,12.113
BA,1,none,7,500,1491,1.0,6.0,8.0,9.0,12.705000000000002
BA,1,none,8,500,1491,1.0,7.0,8.0,9.0,12.562999999999999
BA,1,none,9,500,1491,1.0,7.0,8.0,10.0,12.255
BA,1,none,10,500,1491,1.0,8.0,9.0,10.0,11.625
BA,1,none,11,500,1491,1.0,5.0,6.0,8.0,14.125
BA,1,none,12,500,1491,1.0,6.0,7.0,8.0,13.405
BA,1,none,13,500,1491,1.0,4.0,6.0,7.0,14.697
BA,1,none,14,500,1491,1.0,6.0,7.0,8.0,13.263
BA,1,targeted_pagerank,0,450,628,0.5622222222222222,16.0,20.0,,2.811111111111111
BA,1,targeted_pagerank,1,450,628,0.5466666666666666,15.0,19.0,,3.2211111111111115
BA,1,targeted_pagerank,2,450,628,0.18,,,,0.7911111111111111
BA,1,targeted_pagerank,3,450,628,0.0022222222222222222,,,,0.044444444444444446
BA,1,targeted_pagerank,4,450,628,0.7444444444444445,13.0,16.0,,4.771111111111111
BA,1,targeted_pagerank,5,450,628,0.6511111111111111,14.0,18.0,,3.6399999999999997
BA,1,targeted_pagerank,6,450,628,0.6622222222222223,14.0,18.0,,3.836666666666667
BA,1,targeted_pagerank,7,450,628,0.0044444444444444444,,,,0.08555555555555555
BA,1,targeted_pagerank,8,450,628,0.0022222222222222222,,,,0.044444444444444446
BA,1,targeted_pagerank,9,450,628,0.0044444444444444444,,,,0.08555555555555555
BA,1,targeted_pagerank,10,450,628,0.3288888888888889,19.0,,,1.372222222222222
BA,1,targeted_pagerank,11,450,628,0.6755555555555556,13.0,18.0,,4.216666666666667
BA,1,targeted_pagerank,12,450,628,0.5066666666666667,16.0,20.0,,2.5166666666666666
BA,1,targeted_pagerank,13,450,628,0.6488888888888888,14.0,18.0,,3.905555555555556
BA,1,targeted_pagerank,14,450,628,0.0022222222222222222,,,,0.044444444444444446
BA,1,random,0,450,1193,1.0,7.0,8.0,9.0,12.427777777777777
BA,1,random,1,450,1193,1.0,6.0,8.0,9.0,12.752222222222223
BA,1,random,2,450,1193,1.0,8.0,9.0,11.0,11.005555555555553
BA,1,random,3,450,1193,0.9866666666666667,12.0,13.0,15.0,6.945555555555556
BA,1,random,4,450,1193,1.0,6.0,7.0,9.0,12.856666666666666
BA,1,random,5,450,1193,0.9933333333333333,6.0,7.0,9.0,13.21777777777778
BA,1,random,6,450,1193,0.9977777777777778,6.0,7.0,9.0,13.242222222222221
BA,1,random,7,450,1193,0.9955555555555555,7.0,9.0,10.0,11.630000000000003
BA,1,random,8,450,1193,0.9977777777777778,7.0,8.0,9.0,12.235555555555553
BA,1,random,9,450,1193,1.0,6.0,8.0,10.0,12.40111111111111
BA,1,random,10,450,1193,1.0,6.0,8.0,9.0,12.716666666666667
BA,1,random,11,450,1193,0.9977777777777778,7.0,9.0,10.0,11.902222222222221
BA,1,random,12,450,1193,1.0,7.0,8.0,10.0,12.238888888888887
BA,1,random,13,450,1193,1.0,5.0,6.0,8.0,14.205555555555556
BA,1,random,14,450,1193,1.0,6.0,7.0,8.0,13.247777777777777
ER,2,none,0,500,1517,0.998,7.0,8.0,10.0,12.453999999999997
ER,2,none,1,500,1517,0.994,7.0,8.0,9.0,12.325999999999999
ER,2,none,2,500,1517,0.998,7.0,9.0,10.0,11.694
ER,2,none,3,500,1517,0.998,9.0,10.0,12.0,10.463999999999999
ER,2,none,4,500,1517,1.0,7.0,9.0,10.0,11.875
ER,2,none,5,500,1517,0.998,8.0,10.0,12.0,10.528
ER,2,none,6,500,1517,0.998,9.0,11.0,12.0,9.618
ER,2,none,7,500,1517,0.996,8.0,9.0,11.0,11.068999999999997
ER,2,none,8,500,1517,1.0,7.0,9.0,10.0,11.893
ER,2,none,9,500,1517,0.998,8.0,9.0,11.0,11.311999999999998
ER,2,none,10,500,1517,0.996,8.0,9.0,11.0,11.068999999999999
ER,2,none,11,500,1517,1.0,7.0,8.0,10.0,12.211
ER,2,none,12,500,1517,1.0,8.0,9.0,11.0,11.311
ER,2,none,13,500,1517,0.998,7.0,9.0,10.0,11.591999999999999
ER,2,none,14,500,1517,0.998,7.0,8.0,10.0,12.199999999999998
ER,2,targeted_pagerank,0,450,1027,0.9733333333333334,9.0,11.0,13.0,9.225555555555557
ER,2,targeted_pagerank,1,450,1027,0.98,9.0,11.0,13.0,9.637777777777778
ER,2,targeted_pagerank,2,450,1027,0.9688888888888889,9.0,11.0,14.0,9.043333333333333
ER,2,targeted_pagerank,3,450,1027,0.9466666666666667,13.0,14.0,17.0,5.972222222222222
ER,2,targeted_pagerank,4,450,1027,0.9822222222222222,10.0,12.0,14.0,8.65
ER,2,targeted_pagerank,5,450,1027,0.8777777777777778,15.0,17.0,19.0,3.922222222222222
ER,2,targeted_pagerank,6,450,1027,0.9377777777777778,13.0,15.0,17.0,5.747777777777777
ER,2,targeted_pagerank,7,450,1027,0.9444444444444444,12.0,14.0,16.0,6.317777777777778
ER,2,targeted_pagerank,8,450,1027,0.9666666666666667,11.0,13.0,15.0,7.506666666666667
ER,2,targeted_pagerank,9,450,1027,0.9755555555555555,9.0,11.0,13.0,9.851111111111111
ER,2,targeted_pagerank,10,450,1027,0.9755555555555555,11.0,13.0,14.0,8.046666666666667
ER,2,targeted_pagerank,11,450,1027,0.9622222222222222,12.0,14.0,16.0,6.875555555555556
ER,2,targeted_pagerank,12,450,1027,0.96,12.0,14.0,16.0,6.607777777777778
ER,2,targeted_pagerank,13,450,1027,0.98,9.0,11.0,13.0,9.606666666666666
ER,2,targeted_pagerank,14,450,1027,0.9755555555555555,9.0,12.0,13.0,9.066666666666666
ER,2,random,0,450,1238,0.9977777777777778,7.0,9.0,10.0,11.877777777777776
ER,2,random,1,450,1238,0.9977777777777778,8.0,10.0,12.0,10.628888888888888
ER,2,random,2,450,1238,0.9933333333333333,7.0,9.0,10.0,11.575555555555558
ER,2,random,3,450,1238,0.9911111111111112,10.0,12.0,13.0,8.807777777777778
ER,2,random,4,450,1238,0.9977777777777778,7.0,8.0,10.0,12.017777777777777
ER,2,random,5,450,1238,0.9955555555555555,9.0,11.0,13.0,9.587777777777779
ER,2,random,6,450,1238,0.9933333333333333,9.0,11.0,12.0,9.675555555555556
ER,2,random,7,450,1238,0.9844444444444445,12.0,14.0,15.0,6.868888888888889
ER,2,random,8,450,1238,0.9911111111111112,9.0,10.0,12.0,10.430000000000001
ER,2,random,9,450,1238,0.9955555555555555,7.0,8.0,10.0,12.092222222222222
ER,2,random,10,450,1238,0.9955555555555555,9.0,10.0,12.0,10.363333333333332
ER,2,random,11,450,1238,0.9977777777777778,10.0,12.0,14.0,8.651111111111112
ER,2,random,12,450,1238,0.9911111111111112,8.0,10.0,12.0,10.427777777777777
ER,2,random,13,450,1238,0.9955555555555555,9.0,11.0,12.0,9.732222222222221
ER,2,random,14,450,1238,0.9977777777777778,8.0,9.0,11.0,11.1
WS,2,none,0,500,1500,0.998,10.0,12.0,15.0,8.276
WS,2,none,1,500,1500,0.99,10.0,12.0,14.0,8.531999999999998
WS,2,none,2,500,1500,1.0,9.0,11.0,13.0,9.535
WS,2,none,3,500,1500,1.0,10.0,12.0,14.0,8.987
WS,2,none,4,500,1500,1.0,9.0,12.0,14.0,9.111
WS,2,none,5,500,1500,0.996,12.0,14.0,15.0,7.187
WS,2,none,6,500,1500,0.998,12.0,14.0,15.0,7.066
WS,2,none,7,500,1500,0.998,10.0,11.0,13.0,9.159999999999998
WS,2,none,8,500,1500,0.996,10.0,12.0,14.0,8.695
WS,2,none,9,500,1500,1.0,11.0,13.0,15.0,8.149000000000001
WS,2,none,10,500,1500,1.0,11.0,13.0,15.0,8.079
WS,2,none,11,500,1500,1.0,11.0,13.0,15.0,7.453
WS,2,none,12,500,1500,0.89,15.0,17.0,19.0,4.31
WS,2,none,13,500,1500,1.0,10.0,12.0,14.0,9.059
WS,2,none,14,500,1500,1.0,9.0,11.0,13.0,9.845
WS,2,targeted_pagerank,0,450,1125,0.8711111111111111,13.0,16.0,19.0,5.3677777777777775
WS,2,targeted_pagerank,1,450,1125,0.9222222222222223,11.0,15.0,17.0,6.571111111111112
WS,2,targeted_pagerank,2,450,1125,0.6488888888888888,16.0,19.0,,2.9766666666666666
WS,2,targeted_pagerank,3,450,1125,0.66,16.0,19.0,,3.08
WS,2,targeted_pagerank,4,450,1125,0.6511111111111111,16.0,19.0,,3.075555555555556
WS,2,targeted_pagerank,5,450,1125,0.6933333333333334,15.0,18.0,,3.3833333333333333
WS,2,targeted_pagerank,6,450,1125,0.4666666666666667,18.0,,,1.9788888888888887
WS,2,targeted_pagerank,7,450,1125,0.9355555555555556,11.0,14.0,16.0,6.915555555555556
WS,2,targeted_pagerank,8,450,1125,0.9644444444444444,11.0,14.0,17.0,6.754444444444445
WS,2,targeted_pagerank,9,450,1125,0.9022222222222223,12.0,15.0,17.0,5.992222222222223
WS,2,targeted_pagerank,10,450,1125,0.9177777777777778,13.0,15.0,18.0,5.744444444444445
WS,2,targeted_pagerank,11,450,1125,0.8266666666666667,13.0,16.0,19.0,5.156666666666666
WS,2,targeted_pagerank,12,450,1125,0.19555555555555557,,,,0.9811111111111112
WS,2,targeted_pagerank,13,450,1125,0.6933333333333334,15.0,18.0,,3.267777777777778
WS,2,targeted_pagerank,14,450,1125,0.9244444444444444,12.0,15.0,17.0,6.003333333333334
WS,2,random,0,450,1208,0.9644444444444444,12.0,14.0,17.0,6.361111111111111
WS,2,random,1,450,1208,0.98,10.0,13.0,15.0,7.775555555555556
WS,2,random,2,450,1208,0.94,13.0,15.0,17.0,5.722222222222222
WS,2,random,3,450,1208,0.8755555555555555,14.0,16.0,19.0,4.816666666666666
WS,2,random,4,450,1208,0.9777777777777777,12.0,15.0,17.0,6.5744444444444445
WS,2,random,5,450,1208,0.9533333333333334,13.0,15.0,18.0,5.577777777777778
WS,2,random,6,450,1208,0.8688888888888889,14.0,17.0,19.0,4.133333333333333
WS,2,random,7,450,1208,0.9644444444444444,11.0,13.0,16.0,7.130000000000001
WS,2,random,8,450,1208,0.9955555555555555,10.0,12.0,14.0,8.532222222222222
WS,2,random,9,450,1208,0.9933333333333333,10.0,13.0,15.0,8.046666666666667
WS,2,random,10,450,1208,0.9955555555555555,11.0,13.0,15.0,8.118888888888888
WS,2,random,11,450,1208,0.9755555555555555,12.0,15.0,17.0,6.491111111111111
WS,2,random,12,450,1208,0.9911111111111112,10.0,12.0,15.0,8.343333333333334
WS,2,random,13,450,1208,0.92,14.0,16.0,18.0,4.843333333333333
WS,2,random,14,450,1208,0.9977777777777778,11.0,13.0,15.0,7.56
BA,2,none,0,500,1491,1.0,5.0,6.0,7.0,14.271
BA,2,none,1,500,1491,1.0,5.0,7.0,8.0,13.721
BA,2,none,2,500,1491,0.998,7.0,8.0,9.0,12.528000000000002
BA,2,none,3,500,1491,1.0,9.0,11.0,12.0,9.583
BA,2,none,4,500,1491,1.0,7.0,8.0,9.0,12.658999999999999
BA,2,none,5,500,1491,0.992,12.0,14.0,15.0,6.905
BA,2,none,6,500,1491,0.998,10.0,12.0,13.0,8.836
BA,2,none,7,500,1491,1.0,6.0,7.0,8.0,13.126999999999999
BA,2,none,8,500,1491,1.0,5.0,7.0,8.0,13.767
BA,2,none,9,500,1491,1.0,7.0,8.0,9.0,12.584999999999999
BA,2,none,10,500,1491,1.0,6.0,7.0,8.0,13.603000000000002
BA,2,none,11,500,1491,1.0,8.0,9.0,10.0,11.731
BA,2,none,12,500,1491,1.0,5.0,7.0,8.0,13.749
BA,2,none,13,500,1491,1.0,9.0,10.0,11.0,10.685
BA,2,none,14,500,1491,1.0,6.0,7.0,8.0,13.621
BA,2,targeted_pagerank,0,450,606,0.7088888888888889,13.0,17.0,,4.608888888888889
BA,2,targeted_pagerank,1,450,606,0.49777777777777776,15.0,,,2.934444444444444
BA,2,targeted_pagerank,2,450,606,0.3844444444444444,18.0,,,1.8577777777777778
BA,2,targeted_pagerank,3,450,606,0.006666666666666667,,,,0.07111111111111111
BA,2,targeted_pagerank,4,450,606,0.3333333333333333,19.0,,,1.4366666666666668
BA,2,targeted_pagerank,5,450,606,0.13777777777777778,,,,0.4633333333333333
BA,2,targeted_pagerank,6,450,606,0.1711111111111111,,,,0.6888888888888889
BA,2,targeted_pagerank,7,450,606,0.25555555555555554,20.0,,,1.0733333333333333
BA,2,targeted_pagerank,8,450,606,0.7377777777777778,12.0,16.0,,4.947777777777778
BA,2,targeted_pagerank,9,450,606,0.4622222222222222,18.0,,,1.927777777777778
BA,2,targeted_pagerank,10,450,606,0.6866666666666666,14.0,18.0,,3.884444444444444
BA,2,targeted_pagerank,11,450,606,0.15555555555555556,,,,0.8411111111111111
BA,2,targeted_pagerank,12,450,606,0.26222222222222225,20.0,,,1.3122222222222222
BA,2,targeted_pagerank,13,450,606,0.20222222222222222,,,,0.9511111111111111
BA,2,targeted_pagerank,14,450,606,0.4777777777777778,16.0,,,2.6733333333333333
BA,2,random,0,450,1259,0.9977777777777778,5.0,7.0,8.0,13.488888888888887
BA,2,random,1,450,1259,1.0,5.0,7.0,8.0,13.836666666666668
BA,2,random,2,450,1259,0.9977777777777778,7.0,8.0,9.0,12.457777777777778
BA,2,random,3,450,1259,0.9955555555555555,10.0,11.0,13.0,8.987777777777778
BA,2,random,4,450,1259,1.0,7.0,8.0,10.0,12.398888888888887
BA,2,random,5,450,1259,0.9777777777777777,13.0,15.0,16.0,5.801111111111111
BA,2,random,6,450,1259,0.9933333333333333,11.0,12.0,13.0,8.666666666666668
BA,2,random,7,450,1259,1.0,8.0,9.0,10.0,11.356666666666666
BA,2,random,8,450,1259,1.0,6.0,8.0,9.0,12.77888888888889
BA,2,random,9,450,1259,0.9977777777777778,6.0,7.0,9.0,12.804444444444442
BA,2,random,10,450,1259,1.0,6.0,7.0,8.0,13.487777777777778
BA,2,random,11,450,1259,0.9977777777777778,7.0,8.0,10.0,12.055555555555554
BA,2,random,12,450,1259,1.0,5.0,6.0,8.0,13.85222222222222
BA,2,random,13,450,1259,1.0,8.0,9.0,11.0,11.03
BA,2,random,14,450,1259,1.0,5.0,6.0,8.0,13.916666666666668
ER,3,none,0,500,1588,0.998,6.0,7.0,8.0,13.5
ER,3,none,1,500,1588,1.0,11.0,12.0,13.0,8.495000000000001
ER,3,none,2,500,1588,1.0,8.0,9.0,10.0,11.450999999999999
ER,3,none,3,500,1588,0.998,7.0,8.0,10.0,12.259999999999998
ER,3,none,4,500,1588,1.0,7.0,9.0,10.0,12.052999999999999
ER,3,none,5,500,1588,0.998,9.0,11.0,12.0,9.98
ER,3,none,6,500,1588,1.0,8.0,10.0,11.0,11.097
ER,3,none,7,500,1588,0.998,8.0,9.0,11.0,11.356
ER,3,none,8,500,1588,0.998,7.0,9.0,10.0,11.721999999999998
ER,3,none,9,500,1588,0.988,11.0,13.0,14.0,7.713
ER,3,none,10,500,1588,1.0,6.0,7.0,9.0,13.051
ER,3,none,11,500,1588,0.998,9.0,11.0,12.0,10.096
ER,3,none,12,500,1588,1.0,11.0,13.0,14.0,7.809
ER,3,none,13,500,1588,1.0,6.0,8.0,9.0,12.855
ER,3,none,14,500,1588,1.0,7.0,8.0,10.0,12.076999999999998
ER,3,targeted_pagerank,0,450,1084,0.9866666666666667,9.0,10.0,12.0,10.178888888888888
ER,3,targeted_pagerank,1,450,1084,0.9644444444444444,12.0,14.0,16.0,6.325555555555555
ER,3,targeted_pagerank,2,450,1084,0.9777777777777777,10.0,12.0,13.0,8.658888888888889
ER,3,targeted_pagerank,3,450,1084,0.9755555555555555,11.0,13.0,14.0,7.971111111111111
ER,3,targeted_pagerank,4,450,1084,0.9911111111111112,7.0,9.0,11.0,11.46777777777778
ER,3,targeted_pagerank,5,450,1084,0.9822222222222222,10.0,12.0,14.0,8.514444444444445
ER,3,targeted_pagerank,6,450,1084,0.9933333333333333,10.0,12.0,14.0,8.642222222222221
ER,3,targeted_pagerank,7,450,1084,0.9866666666666667,9.0,11.0,13.0,9.772222222222222
ER,3,targeted_pagerank,8,450,1084,0.9777777777777777,10.0,12.0,13.0,8.921111111111111
ER,3,targeted_pagerank,9,450,1084,0.9777777777777777,10.0,12.0,14.0,8.56111111111111
ER,3,targeted_pagerank,10,450,1084,0.9888888888888889,8.0,10.0,12.0,10.433333333333332
ER,3,targeted_pagerank,11,450,1084,0.9822222222222222,10.0,12.0,14.0,8.352222222222222
ER,3,targeted_pagerank,12,450,1084,0.9866666666666667,10.0,12.0,13.0,9.03888888888889
ER,3,targeted_pagerank,13,450,1084,0.98,9.0,11.0,13.0,9.64
ER,3,targeted_pagerank,14,450,1084,0.98,9.0,11.0,13.0,9.12888888888889
ER,3,random,0,450,1300,0.9977777777777778,6.0,8.0,9.0,12.628888888888888
ER,3,random,1,450,1300,0.9977777777777778,8.0,10.0,12.0,10.464444444444444
ER,3,random,2,450,1300,1.0,10.0,11.0,13.0,9.278888888888888
ER,3,random,3,450,1300,0.9955555555555555,7.0,9.0,10.0,11.96111111111111
ER,3,random,4,450,1300,0.9977777777777778,7.0,9.0,10.0,11.893333333333333
ER,3,random,5,450,1300,0.9933333333333333,10.0,11.0,13.0,9.26
ER,3,random,6,450,1300,0.9977777777777778,9.0,11.0,12.0,9.788888888888888
ER,3,random,7,450,1300,0.9955555555555555,8.0,9.0,11.0,10.867777777777778
ER,3,random,8,450,1300,0.9977777777777778,8.0,9.0,11.0,11.066666666666666
ER,3,random,9,450,1300,0.9977777777777778,8.0,10.0,11.0,10.735555555555555
ER,3,random,10,450,1300,1.0,8.0,9.0,11.0,11.27
ER,3,random,11,450,1300,0.9977777777777778,7.0,9.0,10.0,11.904444444444442
ER,3,random,12,450,1300,0.9777777777777777,13.0,15.0,16.0,5.783333333333333
ER,3,random,13,450,1300,0.9933333333333333,8.0,9.0,11.0,11.12
ER,3,random,14,450,1300,0.9977777777777778,8.0,10.0,11.0,10.835555555555555
WS,3,none,0,500,1500,1.0,8.0,10.0,12.0,10.843
WS,3,none,1,500,1500,0.996,11.0,13.0,14.0,8.141
WS,3,none,2,500,1500,1.0,10.0,11.0,13.0,9.267000000000001
WS,3,none,3,500,1500,1.0,9.0,11.0,13.0,9.395000000000001
WS,3,none,4,500,1500,1.0,9.0,11.0,12.0,10.143
WS,3,none,5,500,1500,1.0,10.0,12.0,14.0,8.533
WS,3,none,6,500,1500,1.0,11.0,14.0,15.0,7.202999999999999
WS,3,none,7,500,1500,1.0,9.0,12.0,13.0,9.309000000000001
WS,3,none,8,500,1500,1.0,10.0,12.0,14.0,8.913
WS,3,none,9,500,1500,1.0,9.0,11.0,13.0,9.595
WS,3,none,10,500,1500,1.0,8.0,10.0,12.0,10.507000000000001
WS,3,none,11,500,1500,1.0,9.0,11.0,13.0,9.347000000000001
WS,3,none,12,500,1500,1.0,11.0,13.0,14.0,8.201
WS,3,none,13,500,1500,1.0,9.0,11.0,13.0,9.549
WS,3,none,14,500,1500,0.998,11.0,14.0,16.0,7.002
WS,3,targeted_pagerank,0,450,1121,0.9822222222222222,10.0,13.0,15.0,7.876666666666667
WS,3,targeted_pagerank,1,450,1121,0.8311111111111111,14.0,17.0,19.0,4.136666666666667
WS,3,targeted_pagerank,2,450,1121,0.8955555555555555,13.0,15.0,18.0,5.533333333333333
WS,3,targeted_pagerank,3,450,1121,0.8822222222222222,14.0,17.0,19.0,4.315555555555556
WS,3,targeted_pagerank,4,450,1121,0.9955555555555555,10.0,12.0,15.0,8.325555555555555
WS,3,targeted_pagerank,5,450,1121,0.6955555555555556,16.0,19.0,,2.88
WS,3,targeted_pagerank,6,450,1121,0.7111111111111111,15.0,18.0,,3.2300000000000004
WS,3,targeted_pagerank,7,450,1121,0.9755555555555555,11.0,14.0,17.0,6.797777777777778
WS,3,targeted_pagerank,8,450,1121,0.8777777777777778,14.0,17.0,19.0,4.355555555555555
WS,3,targeted_pagerank,9,450,1121,0.9311111111111111,13.0,16.0,18.0,5.337777777777777
WS,3,targeted_pagerank,10,450,1121,0.9755555555555555,11.0,14.0,16.0,7.1000000000000005
WS,3,targeted_pagerank,11,450,1121,0.8777777777777778,13.0,16.0,19.0,4.868888888888888
WS,3,targeted_pagerank,12,450,1121,0.8555555555555555,14.0,17.0,19.0,4.38
WS,3,targeted_pagerank,13,450,1121,0.9666666666666667,11.0,14.0,16.0,6.991111111111111
WS,3,targeted_pagerank,14,450,1121,0.74,14.0,17.0,,4.2
WS,3,random,0,450,1210,0.9977777777777778,9.0,11.0,13.0,9.746666666666666
WS,3,random,1,450,1210,0.9688888888888889,13.0,15.0,17.0,5.623333333333333
WS,3,random,2,450,1210,0.9733333333333334,12.0,14.0,16.0,6.632222222222222
WS,3,random,3,450,1210,0.9755555555555555,11.0,14.0,16.0,7.135555555555555
WS,3,random,4,450,1210,0.9977777777777778,10.0,12.0,14.0,8.700000000000001
WS,3,random,5,450,1210,0.96,13.0,15.0,17.0,5.723333333333334
WS,3,random,6,450,1210,0.9888888888888889,13.0,15.0,17.0,6.028888888888889
WS,3,random,7,450,1210,0.9555555555555556,12.0,15.0,18.0,5.732222222222222
WS,3,random,8,450,1210,0.9933333333333333,10.0,12.0,14.0,8.733333333333334
WS,3,random,9,450,1210,0.9844444444444445,13.0,15.0,17.0,6.124444444444444
WS,3,random,10,450,1210,0.9844444444444445,11.0,13.0,15.0,7.622222222222222
WS,3,random,11,450,1210,1.0,11.0,13.0,15.0,7.9722222222222205
WS,3,random,12,450,1210,0.9911111111111112,10.0,13.0,15.0,8.085555555555555
WS,3,random,13,450,1210,0.9888888888888889,11.0,13.0,15.0,7.4111111111111105
WS,3,random,14,450,1210,0.9711111111111111,12.0,15.0,17.0,6.540000000000001
BA,3,none,0,500,1491,1.0,5.0,6.0,8.0,13.819
BA,3,none,1,500,1491,0.998,8.0,10.0,11.0,10.771999999999998
BA,3,none,2,500,1491,1.0,7.0,8.0,10.0,11.923
BA,3,none,3,500,1491,1.0,8.0,9.0,11.0,10.995000000000001
BA,3,none,4,500,1491,1.0,6.0,7.0,8.0,13.655
BA,3,none,5,500,1491,1.0,9.0,10.0,12.0,10.129000000000001
BA,3,none,6,500,1491,1.0,6.0,7.0,9.0,13.141
BA,3,none,7,500,1491,1.0,7.0,8.0,9.0,12.461
BA,3,none,8,500,1491,1.0,6.0,7.0,9.0,12.928999999999998
BA,3,none,9,500,1491,1.0,6.0,7.0,8.0,13.655
BA,3,none,10,500,1491,1.0,5.0,6.0,7.0,14.289
BA,3,none,11,500,1491,1.0,5.0,6.0,8.0,14.066999999999998
BA,3,none,12,500,1491,1.0,10.0,11.0,12.0,9.666999999999998
BA,3,none,13,500,1491,1.0,5.0,6.0,7.0,14.191
BA,3,none,14,500,1491,1.0,4.0,6.0,7.0,14.643
BA,3,targeted_pagerank,0,450,615,0.46,17.0,,,1.9933333333333334
BA,3,targeted_pagerank,1,450,615,0.05333333333333334,,,,0.22333333333333333
BA,3,targeted_pagerank,2,450,615,0.2822222222222222,20.0,,,1.3666666666666667
BA,3,targeted_pagerank,3,450,615,0.7066666666666667,13.0,18.0,,4.076666666666666
BA,3,targeted_pagerank,4,450,615,0.7177777777777777,13.0,17.0,,4.453333333333334
BA,3,targeted_pagerank,5,450,615,0.12222222222222222,,,,0.49999999999999994
BA,3,targeted_pagerank,6,450,615,0.0022222222222222222,,,,0.044444444444444446
BA,3,targeted_pagerank,7,450,615,0.0022222222222222222,,,,0.044444444444444446
BA,3,targeted_pagerank,8,450,615,0.5333333333333333,15.0,20.0,,3.063333333333333
BA,3,targeted_pagerank,9,450,615,0.09555555555555556,,,,0.5888888888888889
BA,3,targeted_pagerank,10,450,615,0.5577777777777778,15.0,20.0,,3.3622222222222224
BA,3,targeted_pagerank,11,450,615,0.04888888888888889,,,,0.28555555555555556
BA,3,targeted_pagerank,12,450,615,0.1511111111111111,,,,0.7122222222222222
BA,3,targeted_pagerank,13,450,615,0.7355555555555555,12.0,16.0,,5.084444444444444
BA,3,targeted_pagerank,14,450,615,0.0022222222222222222,,,,0.044444444444444446
BA,3,random,0,450,1176,0.9955555555555555,5.0,6.0,8.0,14.005555555555553
BA,3,random,1,450,1176,0.9977777777777778,7.0,9.0,10.0,11.89333333333333
BA,3,random,2,450,1176,0.9955555555555555,10.0,11.0,12.0,9.445555555555556
BA,3,random,3,450,1176,0.9955555555555555,6.0,8.0,9.0,12.605555555555554
BA,3,random,4,450,1176,1.0,6.0,7.0,9.0,13.43
BA,3,random,5,450,1176,0.9977777777777778,7.0,9.0,10.0,11.515555555555556
BA,3,random,6,450,1176,0.9977777777777778,8.0,10.0,11.0,10.464444444444442
BA,3,random,7,450,1176,0.9955555555555555,7.0,8.0,10.0,12.045555555555556
BA,3,random,8,450,1176,0.9955555555555555,7.0,9.0,10.0,11.643333333333334
BA,3,random,9,450,1176,1.0,5.0,7.0,8.0,13.507777777777777
BA,3,random,10,450,1176,0.9977777777777778,5.0,7.0,8.0,13.595555555555553
BA,3,random,11,450,1176,1.0,10.0,11.0,13.0,9.176666666666666
BA,3,random,12,450,1176,0.9888888888888889,12.0,13.0,15.0,6.982222222222222
BA,3,random,13,450,1176,0.9977777777777778,4.0,5.0,7.0,14.79111111111111
BA,3,random,14,450,1176,1.0,5.0,7.0,9.0,13.27
ER,4,none,0,500,1467,0.99,8.0,9.0,11.0,11.218
ER,4,none,1,500,1467,0.99,7.0,9.0,10.0,11.452
ER,4,none,2,500,1467,0.99,10.0,11.0,12.0,9.428
ER,4,none,3,500,1467,0.99,8.0,10.0,11.0,10.522
ER,4,none,4,500,1467,0.978,12.0,14.0,15.0,6.856
ER,4,none,5,500,1467,0.994,7.0,9.0,10.0,11.962000000000002
ER,4,none,6,500,1467,0.994,8.0,9.0,11.0,11.184
ER,4,none,7,500,1467,0.994,8.0,9.0,11.0,11.290000000000001
ER,4,none,8,500,1467,0.994,6.0,8.0,9.0,12.592
ER,4,none,9,500,1467,0.99,9.0,10.0,12.0,10.145999999999999
ER,4,none,10,500,1467,0.988,8.0,10.0,11.0,10.591000000000001
ER,4,none,11,500,1467,0.992,9.0,11.0,12.0,9.690999999999999
ER,4,none,12,500,1467,0.982,12.0,13.0,15.0,6.94
ER,4,none,13,500,1467,0.986,11.0,12.0,14.0,8.228
ER,4,none,14,500,1467,0.984,11.0,12.0,13.0,8.603
ER,4,targeted_pagerank,0,450,999,0.9644444444444444,10.0,12.0,14.0,8.454444444444444
ER,4,targeted_pagerank,1,450,999,0.9688888888888889,10.0,12.0,14.0,8.118888888888888
ER,4,targeted_pagerank,2,450,999,0.9577777777777777,11.0,13.0,15.0,7.546666666666666
ER,4,targeted_pagerank,3,450,999,0.9755555555555555,8.0,10.0,12.0,10.58
ER,4,targeted_pagerank,4,450,999,0.9133333333333333,14.0,16.0,18.0,4.848888888888889
ER,4,targeted_pagerank,5,450,999,0.9666666666666667,12.0,14.0,16.0,7.006666666666667
ER,4,targeted_pagerank,6,450,999,0.9577777777777777,11.0,13.0,16.0,7.122222222222223
ER,4,targeted_pagerank,7,450,999,0.9466666666666667,13.0,15.0,17.0,5.75
ER,4,targeted_pagerank,8,450,999,0.9755555555555555,8.0,10.0,12.0,10.013333333333332
ER,4,targeted_pagerank,9,450,999,0.9688888888888889,10.0,12.0,14.0,8.516666666666667
ER,4,targeted_pagerank,10,450,999,0.8911111111111111,14.0,16.0,18.0,4.575555555555555
ER,4,targeted_pagerank,11,450,999,0.9733333333333334,9.0,11.0,13.0,9.532222222222222
ER,4,targeted_pagerank,12,450,999,0.8666666666666667,15.0,17.0,19.0,3.941111111111111
ER,4,targeted_pagerank,13,450,999,0.9488888888888889,13.0,15.0,17.0,5.282222222222223
ER,4,targeted_pagerank,14,450,999,0.9266666666666666,13.0,15.0,17.0,5.531111111111111
ER,4,random,0,450,1184,0.9888888888888889,10.0,11.0,13.0,9.355555555555556
ER,4,random,1,450,1184,0.9822222222222222,11.0,13.0,15.0,7.638888888888889
ER,4,random,2,450,1184,0.9844444444444445,9.0,10.0,12.0,10.228888888888887
ER,4,random,3,450,1184,0.9866666666666667,7.0,9.0,11.0,11.532222222222224
ER,4,random,4,450,1184,0.9377777777777778,14.0,16.0,18.0,4.727777777777778
ER,4,random,5,450,1184,0.9888888888888889,7.0,9.0,10.0,11.76888888888889
ER,4,random,6,450,1184,0.98,10.0,12.0,13.0,8.848888888888888
ER,4,random,7,450,1184,0.98,11.0,13.0,14.0,7.755555555555556
ER,4,random,8,450,1184,0.9844444444444445,6.0,8.0,10.0,12.20888888888889
ER,4,random,9,450,1184,0.9777777777777777,9.0,11.0,12.0,9.865555555555556
ER,4,random,10,450,1184,0.9866666666666667,8.0,9.0,11.0,11.11
ER,4,random,11,450,1184,0.0022222222222222222,,,,0.044444444444444446
ER,4,random,12,450,1184,0.9733333333333334,10.0,12.0,14.0,8.454444444444444
ER,4,random,13,450,1184,0.9866666666666667,10.0,12.0,13.0,8.912222222222223
ER,4,random,14,450,1184,0.9844444444444445,11.0,12.0,14.0,8.402222222222221
WS,4,none,0,500,1500,0.996,11.0,13.0,15.0,8.147
WS,4,none,1,500,1500,0.994,10.0,13.0,15.0,8.152000000000001
WS,4,none,2,500,1500,1.0,9.0,11.0,13.0,9.813
WS,4,none,3,500,1500,1.0,9.0,11.0,13.0,9.677
WS,4,none,4,500,1500,0.966,14.0,16.0,18.0,4.656
WS,4,none,5,500,1500,1.0,9.0,11.0,13.0,9.852999999999998
WS,4,none,6,500,1500,0.996,11.0,13.0,15.0,7.681
WS,4,none,7,500,1500,0.996,13.0,15.0,16.0,6.024999999999999
WS,4,none,8,500,1500,1.0,8.0,10.0,12.0,10.172999999999998
WS,4,none,9,500,1500,1.0,12.0,14.0,15.0,7.2829999999999995
WS,4,none,10,500,1500,0.988,12.0,14.0,16.0,6.505000000000001
WS,4,none,11,500,1500,1.0,11.0,13.0,15.0,7.949
WS,4,none,12,500,1500,0.986,12.0,14.0,16.0,7.131999999999999
WS,4,none,13,500,1500,0.994,12.0,14.0,16.0,6.811999999999999
WS,4,none,14,500,1500,1.0,12.0,14.0,15.0,7.149
WS,4,targeted_pagerank,0,450,1119,0.78,15.0,17.0,20.0,4.02
WS,4,targeted_pagerank,1,450,1119,0.7088888888888889,15.0,19.0,,3.355555555555555
WS,4,targeted_pagerank,2,450,1119,0.9844444444444445,10.0,13.0,15.0,7.895555555555556
WS,4,targeted_pagerank,3,450,1119,0.94,12.0,15.0,17.0,5.984444444444444
WS,4,targeted_pagerank,4,450,1119,0.42,18.0,,,1.6533333333333333
WS,4,targeted_pagerank,5,450,1119,0.9333333333333333,12.0,15.0,17.0,6.207777777777778
WS,4,targeted_pagerank,6,450,1119,0.72,15.0,18.0,,3.507777777777778
WS,4,targeted_pagerank,7,450,1119,0.6844444444444444,16.0,19.0,,2.6655555555555557
WS,4,targeted_pagerank,8,450,1119,0.9688888888888889,10.0,13.0,15.0,7.998888888888889
WS,4,targeted_pagerank,9,450,1119,0.7355555555555555,15.0,18.0,,3.5177777777777774
WS,4,targeted_pagerank,10,450,1119,0.7688888888888888,15.0,18.0,20.0,3.4544444444444444
WS,4,targeted_pagerank,11,450,1119,0.8955555555555555,13.0,16.0,18.0,5.108888888888889
WS,4,targeted_pagerank,12,450,1119,0.7866666666666666,15.0,17.0,20.0,3.8055555555555562
WS,4,targeted_pagerank,13,450,1119,0.7422222222222222,15.0,18.0,,3.3433333333333337
WS,4,targeted_pagerank,14,450,1119,0.8844444444444445,14.0,16.0,18.0,4.898888888888889
WS,4,random,0,450,1225,0.9977777777777778,11.0,14.0,16.0,7.2377777777777785
WS,4,random,1,450,1225,0.9688888888888889,13.0,15.0,17.0,5.9833333333333325
WS,4,random,2,450,1225,0.9822222222222222,12.0,14.0,16.0,7.092222222222222
WS,4,random,3,450,1225,0.9955555555555555,10.0,12.0,14.0,8.598888888888888
WS,4,random,4,450,1225,1.0,11.0,13.0,15.0,7.314444444444445
WS,4,random,5,450,1225,1.0,10.0,12.0,14.0,8.716666666666667
WS,4,random,6,450,1225,0.9844444444444445,12.0,14.0,17.0,6.406666666666667
WS,4,random,7,450,1225,0.9555555555555556,14.0,16.0,18.0,4.803333333333334
WS,4,random,8,450,1225,0.9955555555555555,10.0,12.0,14.0,8.812222222222221
WS,4,random,9,450,1225,0.9822222222222222,11.0,14.0,16.0,7.332222222222223
WS,4,random,10,450,1225,0.9088888888888889,13.0,16.0,18.0,5.162222222222223
WS,4,random,11,450,1225,1.0,10.0,13.0,15.0,8.334444444444443
WS,4,random,12,450,1225,0.9,14.0,16.0,18.0,4.904444444444445
WS,4,random,13,450,1225,0.9844444444444445,12.0,15.0,17.0,6.166666666666666
WS,4,random,14,450,1225,0.8311111111111111,15.0,18.0,20.0,3.5455555555555556
BA,4,none,0,500,1491,1.0,8.0,9.0,10.0,11.652999999999999
BA,4,none,1,500,1491,1.0,6.0,8.0,9.0,12.874999999999998
BA,4,none,2,500,1491,0.998,9.0,10.0,11.0,10.612000000000002
BA,4,none,3,500,1491,1.0,6.0,7.0,9.0,13.081
BA,4,none,4,500,1491,1.0,7.0,8.0,9.0,12.146999999999998
BA,4,none,5,500,1491,1.0,6.0,7.0,8.0,13.375
BA,4,none,6,500,1491,1.0,7.0,8.0,9.0,12.591
BA,4,none,7,500,1491,0.998,10.0,11.0,12.0,9.648
BA,4,none,8,500,1491,1.0,4.0,5.0,6.0,15.523
BA,4,none,9,500,1491,1.0,7.0,8.0,9.0,12.633
BA,4,none,10,500,1491,1.0,9.0,10.0,12.0,9.831
BA,4,none,11,500,1491,1.0,6.0,7.0,9.0,13.103000000000002
BA,4,none,12,500,1491,1.0,9.0,10.0,11.0,10.463
BA,4,none,13,500,1491,1.0,5.0,7.0,8.0,13.731000000000002
BA,4,none,14,500,1491,1.0,8.0,9.0,10.0,11.599
BA,4,targeted_pagerank,0,450,613,0.04666666666666667,,,,0.24444444444444446
BA,4,targeted_pagerank,1,450,613,0.06888888888888889,,,,0.3333333333333333
BA,4,targeted_pagerank,2,450,613,0.0022222222222222222,,,,0.044444444444444446
BA,4,targeted_pagerank,3,450,613,0.3688888888888889,18.0,,,1.8788888888888886
BA,4,targeted_pagerank,4,450,613,0.18222222222222223,,,,0.6855555555555556
BA,4,targeted_pagerank,5,450,613,0.3333333333333333,19.0,,,1.701111111111111
BA,4,targeted_pagerank,6,450,613,0.0022222222222222222,,,,0.044444444444444446
BA,4,targeted_pagerank,7,450,613,0.36666666666666664,19.0,,,1.448888888888889
BA,4,targeted_pagerank,8,450,613,0.6044444444444445,15.0,19.0,,3.0477777777777777
BA,4,targeted_pagerank,9,450,613,0.3088888888888889,19.0,,,1.3533333333333333
BA,4,targeted_pagerank,10,450,613,0.028888888888888888,,,,0.12444444444444444
BA,4,targeted_pagerank,11,450,613,0.4777777777777778,17.0,,,2.3733333333333335
BA,4,targeted_pagerank,12,450,613,0.41333333333333333,18.0,,,1.6966666666666665
BA,4,targeted_pagerank,13,450,613,0.07111111111111111,,,,0.2833333333333333
BA,4,targeted_pagerank,14,450,613,0.4533333333333333,18.0,,,1.8544444444444443
BA,4,random,0,450,1274,1.0,9.0,10.0,11.0,10.627777777777776
BA,4,random,1,450,1274,1.0,5.0,7.0,8.0,13.572222222222223
BA,4,random,2,450,1274,1.0,5.0,7.0,8.0,13.692222222222222
BA,4,random,3,450,1274,1.0,6.0,7.0,8.0,13.465555555555556
BA,4,random,4,450,1274,1.0,9.0,10.0,11.0,10.27222222222222
BA,4,random,5,450,1274,1.0,6.0,7.0,8.0,13.514444444444445
BA,4,random,6,450,1274,1.0,10.0,11.0,13.0,9.272222222222222
BA,4,random,7,450,1274,1.0,8.0,9.0,11.0,11.234444444444442
BA,4,random,8,450,1274,1.0,4.0,5.0,6.0,15.33
BA,4,random,9,450,1274,1.0,6.0,8.0,9.0,12.523333333333335
BA,4,random,10,450,1274,1.0,8.0,9.0,11.0,10.958888888888888
BA,4,random,11,450,1274,1.0,5.0,6.0,8.0,14.24111111111111
BA,4,random,12,450,1274,0.9844444444444445,13.0,14.0,15.0,6.362222222222222
BA,4,random,13,450,1274,0.9977777777777778,9.0,10.0,11.0,10.506666666666666
BA,4,random,14,450,1274,1.0,7.0,8.0,10.0,11.843333333333332
ER,5,none,0,500,1540,0.998,7.0,8.0,10.0,12.025999999999998
ER,5,none,1,500,1540,0.994,7.0,8.0,10.0,12.154
ER,5,none,2,500,1540,0.996,8.0,10.0,11.0,10.919
ER,5,none,3,500,1540,0.994,11.0,12.0,14.0,8.222
ER,5,none,4,500,1540,0.996,7.0,8.0,10.0,12.013
ER,5,none,5,500,1540,0.996,8.0,10.0,11.0,10.695000000000002
ER,5,none,6,500,1540,0.992,9.0,10.0,12.0,10.025
ER,5,none,7,500,1540,0.998,8.0,9.0,10.0,11.501999999999997
ER,5,none,8,500,1540,0.994,7.0,8.0,10.0,12.347999999999999
ER,5,none,9,500,1540,0.002,,,,0.04000000000000001
ER,5,none,10,500,1540,0.996,8.0,9.0,11.0,11.059000000000001
ER,5,none,11,500,1540,0.996,10.0,11.0,13.0,9.072999999999999
ER,5,none,12,500,1540,0.998,6.0,8.0,9.0,12.857999999999997
ER,5,none,13,500,1540,0.996,9.0,10.0,11.0,10.565000000000001
ER,5,none,14,500,1540,0.998,7.0,9.0,10.0,11.808000000000002
ER,5,targeted_pagerank,0,450,1053,0.9844444444444445,8.0,10.0,12.0,10.524444444444443
ER,5,targeted_pagerank,1,450,1053,0.98,9.0,11.0,13.0,8.966666666666667
ER,5,targeted_pagerank,2,450,1053,0.98,9.0,11.0,13.0,9.408888888888889
ER,5,targeted_pagerank,3,450,1053,0.9777777777777777,9.0,10.0,12.0,9.96111111111111
ER,5,targeted_pagerank,4,450,1053,0.9844444444444445,7.0,9.0,11.0,11.04
ER,5,targeted_pagerank,5,450,1053,0.9755555555555555,11.0,13.0,15.0,7.304444444444445
ER,5,targeted_pagerank,6,450,1053,0.9644444444444444,10.0,12.0,14.0,8.183333333333334
ER,5,targeted_pagerank,7,450,1053,0.9888888888888889,9.0,10.0,12.0,10.113333333333333
ER,5,targeted_pagerank,8,450,1053,0.9822222222222222,8.0,10.0,11.0,10.801111111111112
ER,5,targeted_pagerank,9,450,1053,0.98,8.0,10.0,12.0,10.139999999999999
ER,5,targeted_pagerank,10,450,1053,0.9666666666666667,10.0,12.0,14.0,8.253333333333332
ER,5,targeted_pagerank,11,450,1053,0.9622222222222222,11.0,13.0,15.0,7.74
ER,5,targeted_pagerank,12,450,1053,0.9688888888888889,10.0,12.0,13.0,8.836666666666666
ER,5,targeted_pagerank,13,450,1053,0.9488888888888889,13.0,15.0,17.0,5.346666666666666
ER,5,targeted_pagerank,14,450,1053,0.9777777777777777,9.0,11.0,13.0,9.107777777777777
ER,5,random,0,450,1222,0.9955555555555555,7.0,9.0,10.0,11.687777777777779
ER,5,random,1,450,1222,0.9955555555555555,7.0,9.0,11.0,11.383333333333333
ER,5,random,2,450,1222,0.9933333333333333,9.0,11.0,12.0,9.751111111111113
ER,5,random,3,450,1222,0.9933333333333333,8.0,10.0,12.0,10.535555555555556
ER,5,random,4,450,1222,0.9933333333333333,7.0,9.0,10.0,11.740000000000002
ER,5,random,5,450,1222,0.9866666666666667,9.0,11.0,13.0,9.538888888888888
ER,5,random,6,450,1222,0.9911111111111112,8.0,10.0,11.0,10.574444444444445
ER,5,random,7,450,1222,0.9955555555555555,8.0,10.0,11.0,10.954444444444444
ER,5,random,8,450,1222,0.9911111111111112,7.0,8.0,10.0,11.912222222222223
ER,5,random,9,450,1222,0.0022222222222222222,,,,0.044444444444444446
ER,5,random,10,450,1222,0.9911111111111112,7.0,9.0,10.0,11.414444444444445
ER,5,random,11,450,1222,0.006666666666666667,,,,0.04888888888888889
ER,5,random,12,450,1222,0.9933333333333333,8.0,10.0,12.0,10.462222222222223
ER,5,random,13,450,1222,0.9933333333333333,9.0,11.0,12.0,9.722222222222223
ER,5,random,14,450,1222,0.9933333333333333,8.0,9.0,11.0,11.282222222222224
WS,5,none,0,500,1500,1.0,11.0,13.0,15.0,7.639
WS,5,none,1,500,1500,0.996,11.0,13.0,15.0,8.109
WS,5,none,2,500,1500,0.996,10.0,12.0,14.0,8.637
WS,5,none,3,500,1500,0.996,11.0,13.0,15.0,7.685
WS,5,none,4,500,1500,1.0,10.0,12.0,14.0,8.889
WS,5,none,5,500,1500,1.0,11.0,12.0,14.0,8.325000000000001
WS,5,none,6,500,1500,0.998,11.0,13.0,15.0,7.92
WS,5,none,7,500,1500,1.0,10.0,12.0,14.0,8.440999999999999
WS,5,none,8,500,1500,1.0,8.0,10.0,12.0,11.009
WS,5,none,9,500,1500,1.0,9.0,11.0,13.0,9.675
WS,5,none,10,500,1500,0.998,9.0,12.0,13.0,9.234
WS,5,none,11,500,1500,0.99,12.0,14.0,16.0,6.924
WS,5,none,12,500,1500,1.0,9.0,11.0,13.0,9.567
WS,5,none,13,500,1500,0.766,16.0,18.0,20.0,2.8680000000000003
WS,5,none,14,500,1500,1.0,9.0,11.0,13.0,9.631
WS,5,targeted_pagerank,0,450,1135,0.8755555555555555,13.0,16.0,19.0,5.096666666666667
WS,5,targeted_pagerank,1,450,1135,0.9288888888888889,12.0,15.0,17.0,5.907777777777778
WS,5,targeted_pagerank,2,450,1135,0.7377777777777778,15.0,18.0,,3.452222222222222
WS,5,targeted_pagerank,3,450,1135,0.9155555555555556,13.0,16.0,18.0,5.374444444444444
WS,5,targeted_pagerank,4,450,1135,0.9444444444444444,12.0,15.0,17.0,6.18
WS,5,targeted_pagerank,5,450,1135,0.8666666666666667,14.0,17.0,19.0,4.572222222222223
WS,5,targeted_pagerank,6,450,1135,0.9088888888888889,13.0,15.0,18.0,5.539999999999999
WS,5,targeted_pagerank,7,450,1135,0.9755555555555555,12.0,14.0,17.0,6.608888888888888
WS,5,targeted_pagerank,8,450,1135,0.9844444444444445,10.0,12.0,15.0,8.437777777777779
WS,5,targeted_pagerank,9,450,1135,0.9822222222222222,10.0,13.0,15.0,8.096666666666666
WS,5,targeted_pagerank,10,450,1135,0.98,10.0,13.0,15.0,7.762222222222221
WS,5,targeted_pagerank,11,450,1135,0.8777777777777778,14.0,17.0,19.0,4.155555555555555
WS,5,targeted_pagerank,12,450,1135,0.9555555555555556,10.0,12.0,15.0,7.947777777777777
WS,5,targeted_pagerank,13,450,1135,0.6266666666666667,17.0,19.0,,2.507777777777778
WS,5,targeted_pagerank,14,450,1135,0.9688888888888889,11.0,13.0,16.0,7.383333333333334
WS,5,random,0,450,1212,0.9955555555555555,11.0,14.0,16.0,7.332222222222222
WS,5,random,1,450,1212,0.9955555555555555,11.0,14.0,16.0,7.209999999999999
WS,5,random,2,450,1212,0.9955555555555555,9.0,12.0,14.0,8.796666666666667
WS,5,random,3,450,1212,0.9933333333333333,10.0,12.0,14.0,8.70888888888889
WS,5,random,4,450,1212,0.9933333333333333,9.0,12.0,14.0,8.744444444444445
WS,5,random,5,450,1212,0.9866666666666667,13.0,15.0,17.0,6.0122222222222215
WS,5,random,6,450,1212,0.9822222222222222,12.0,15.0,17.0,6.198888888888889
WS,5,random,7,450,1212,0.9977777777777778,10.0,12.0,14.0,8.602222222222222
WS,5,random,8,450,1212,1.0,10.0,12.0,14.0,8.932222222222224
WS,5,random,9,450,1212,0.9955555555555555,10.0,12.0,14.0,8.796666666666667
WS,5,random,10,450,1212,0.9911111111111112,11.0,13.0,15.0,7.612222222222222
WS,5,random,11,450,1212,0.9777777777777777,12.0,15.0,17.0,6.296666666666667
WS,5,random,12,450,1212,0.9977777777777778,9.0,11.0,13.0,9.288888888888888
WS,5,random,13,450,1212,0.6511111111111111,16.0,19.0,,2.5266666666666664
WS,5,random,14,450,1212,0.9933333333333333,11.0,13.0,15.0,8.142222222222221
BA,5,none,0,500,1491,1.0,10.0,11.0,13.0,9.233
BA,5,none,1,500,1491,1.0,9.0,10.0,12.0,10.279
BA,5,none,2,500,1491,0.996,10.0,12.0,13.0,8.991
BA,5,none,3,500,1491,1.0,6.0,7.0,9.0,13.093
BA,5,none,4,500,1491,1.0,5.0,7.0,8.0,13.719000000000001
BA,5,none,5,500,1491,1.0,6.0,8.0,9.0,12.924999999999999
BA,5,none,6,500,1491,1.0,9.0,10.0,12.0,10.257
BA,5,none,7,500,1491,1.0,8.0,9.0,10.0,11.273
BA,5,none,8,500,1491,1.0,5.0,7.0,8.0,13.779
BA,5,none,9,500,1491,1.0,5.0,6.0,7.0,14.396999999999998
BA,5,none,10,500,1491,0.996,10.0,11.0,12.0,9.451
BA,5,none,11,500,1491,1.0,9.0,11.0,12.0,9.795
BA,5,none,12,500,1491,1.0,7.0,8.0,9.0,12.531
BA,5,none,13,500,1491,0.998,8.0,10.0,11.0,10.795999999999998
BA,5,none,14,500,1491,1.0,6.0,7.0,9.0,12.896999999999998
BA,5,targeted_pagerank,0,450,606,0.23777777777777778,,,,0.9444444444444445
BA,5,targeted_pagerank,1,450,606,0.43333333333333335,18.0,,,1.8733333333333333
BA,5,targeted_pagerank,2,450,606,0.051111111111111114,,,,0.20666666666666667
BA,5,targeted_pagerank,3,450,606,0.1288888888888889,,,,0.4877777777777778
BA,5,targeted_pagerank,4,450,606,0.37333333333333335,18.0,,,1.7233333333333332
BA,5,targeted_pagerank,5,450,606,0.6911111111111111,14.0,18.0,,4.2555555555555555
BA,5,targeted_pagerank,6,450,606,0.18444444444444444,,,,0.7066666666666667
BA,5,targeted_pagerank,7,450,606,0.44666666666666666,18.0,,,2.062222222222222
BA,5,targeted_pagerank,8,450,606,0.6355555555555555,15.0,18.0,,3.6677777777777782
BA,5,targeted_pagerank,9,450,606,0.45111111111111113,17.0,,,2.435555555555556
BA,5,targeted_pagerank,10,450,606,0.19777777777777777,,,,0.7400000000000001
BA,5,targeted_pagerank,11,450,606,0.0044444444444444444,,,,0.04777777777777778
BA,5,targeted_pagerank,12,450,606,0.3111111111111111,20.0,,,1.39
BA,5,targeted_pagerank,13,450,606,0.15555555555555556,,,,0.6011111111111112
BA,5,targeted_pagerank,14,450,606,0.5688888888888889,16.0,19.0,,3.0566666666666666
BA,5,random,0,450,1143,0.9977777777777778,10.0,11.0,13.0,9.066666666666666
BA,5,random,1,450,1143,1.0,7.0,8.0,9.0,12.343333333333334
BA,5,random,2,450,1143,0.9955555555555555,10.0,12.0,13.0,8.696666666666665
BA,5,random,3,450,1143,1.0,6.0,7.0,9.0,12.925555555555555
BA,5,random,4,450,1143,0.9977777777777778,6.0,7.0,9.0,12.77111111111111
BA,5,random,5,450,1143,0.9977777777777778,7.0,9.0,10.0,11.673333333333332
BA,5,random,6,450,1143,1.0,9.0,10.0,12.0,10.054444444444444
BA,5,random,7,450,1143,1.0,9.0,11.0,12.0,9.863333333333333
BA,5,random,8,450,1143,1.0,6.0,7.0,9.0,12.747777777777777
BA,5,random,9,450,1143,0.9977777777777778,5.0,6.0,8.0,13.728888888888887
BA,5,random,10,450,1143,0.9977777777777778,10.0,11.0,12.0,9.34
BA,5,random,11,450,1143,0.9977777777777778,8.0,9.0,11.0,11.148888888888889
BA,5,random,12,450,1143,0.9911111111111112,10.0,11.0,13.0,8.85666666666667
BA,5,random,13,450,1143,0.9911111111111112,10.0,11.0,13.0,8.743333333333332
BA,5,random,14,450,1143,0.9955555555555555,6.0,8.0,9.0,12.509999999999998
ER,6,none,0,500,1491,0.986,7.0,8.0,10.0,12.082
ER,6,none,1,500,1491,0.992,8.0,10.0,11.0,10.591
ER,6,none,2,500,1491,0.988,12.0,13.0,15.0,7.133
ER,6,none,3,500,1491,0.99,7.0,8.0,10.0,12.006
ER,6,none,4,500,1491,0.99,8.0,10.0,11.0,10.858
ER,6,none,5,500,1491,0.992,8.0,10.0,11.0,11.059000000000001
ER,6,none,6,500,1491,0.99,11.0,12.0,13.0,8.428
ER,6,none,7,500,1491,0.99,9.0,11.0,12.0,10.144
ER,6,none,8,500,1491,0.992,8.0,10.0,11.0,10.589000000000002
ER,6,none,9,500,1491,0.992,8.0,9.0,11.0,11.166999999999998
ER,6,none,10,500,1491,0.992,9.0,11.0,12.0,10.047
ER,6,none,11,500,1491,0.994,6.0,8.0,9.0,12.584
ER,6,none,12,500,1491,0.99,8.0,10.0,11.0,10.920000000000002
ER,6,none,13,500,1491,0.988,9.0,11.0,12.0,9.525
ER,6,none,14,500,1491,0.994,7.0,8.0,10.0,12.192000000000002
ER,6,targeted_pagerank,0,450,1025,0.9733333333333334,9.0,11.0,13.0,9.652222222222221
ER,6,targeted_pagerank,1,450,1025,0.9755555555555555,9.0,11.0,13.0,9.146666666666667
ER,6,targeted_pagerank,2,450,1025,0.9355555555555556,13.0,15.0,17.0,5.366666666666666
ER,6,targeted_pagerank,3,450,1025,0.9733333333333334,9.0,12.0,14.0,8.867777777777778
ER,6,targeted_pagerank,4,450,1025,0.9822222222222222,9.0,11.0,13.0,9.163333333333334
ER,6,targeted_pagerank,5,450,1025,0.9444444444444444,12.0,14.0,16.0,6.497777777777777
ER,6,targeted_pagerank,6,450,1025,0.0022222222222222222,,,,0.044444444444444446
ER,6,targeted_pagerank,7,450,1025,0.9666666666666667,11.0,13.0,15.0,7.364444444444444
ER,6,targeted_pagerank,8,450,1025,0.9711111111111111,10.0,12.0,14.0,8.49777777777778
ER,6,targeted_pagerank,9,450,1025,0.9777777777777777,9.0,11.0,12.0,9.863333333333333
ER,6,targeted_pagerank,10,450,1025,0.9622222222222222,11.0,13.0,15.0,7.922222222222222
ER,6,targeted_pagerank,11,450,1025,0.9777777777777777,7.0,9.0,11.0,11.098888888888887
ER,6,targeted_pagerank,12,450,1025,0.9755555555555555,9.0,11.0,13.0,9.437777777777777
ER,6,targeted_pagerank,13,450,1025,0.9644444444444444,10.0,12.0,14.0,8.107777777777779
ER,6,targeted_pagerank,14,450,1025,0.9644444444444444,12.0,14.0,16.0,6.707777777777778
ER,6,random,0,450,1220,0.9888888888888889,8.0,10.0,12.0,10.402222222222221
ER,6,random,1,450,1220,0.9888888888888889,8.0,10.0,12.0,10.506666666666666
ER,6,random,2,450,1220,0.94,15.0,16.0,18.0,4.388888888888889
ER,6,random,3,450,1220,0.9822222222222222,8.0,10.0,11.0,10.685555555555556
ER,6,random,4,450,1220,0.98,9.0,11.0,12.0,9.773333333333333
ER,6,random,5,450,1220,0.98,9.0,11.0,13.0,9.482222222222223
ER,6,random,6,450,1220,0.9866666666666667,8.0,10.0,12.0,10.409999999999998
ER,6,random,7,450,1220,0.9888888888888889,7.0,9.0,11.0,11.455555555555554
ER,6,random,8,450,1220,0.9844444444444445,9.0,11.0,12.0,9.571111111111112
ER,6,random,9,450,1220,0.9822222222222222,9.0,10.0,12.0,10.074444444444447
ER,6,random,10,450,1220,0.9822222222222222,9.0,11.0,12.0,9.816666666666666
ER,6,random,11,450,1220,0.9866666666666667,7.0,9.0,10.0,11.569999999999999
ER,6,random,12,450,1220,0.9844444444444445,7.0,8.0,10.0,11.866666666666667
ER,6,random,13,450,1220,0.9822222222222222,8.0,10.0,11.0,10.572222222222223
ER,6,random,14,450,1220,0.9755555555555555,9.0,11.0,12.0,9.573333333333332
WS,6,none,0,500,1500,0.996,10.0,13.0,14.0,8.265
WS,6,none,1,500,1500,0.998,11.0,13.0,15.0,7.872000000000001
WS,6,none,2,500,1500,0.758,16.0,18.0,20.0,2.838
WS,6,none,3,500,1500,0.994,12.0,15.0,16.0,6.494000000000001
WS,6,none,4,500,1500,1.0,10.0,12.0,14.0,9.071
WS,6,none,5,500,1500,0.992,11.0,14.0,15.0,7.534999999999999
WS,6,none,6,500,1500,0.996,11.0,13.0,15.0,7.515
WS,6,none,7,500,1500,1.0,10.0,12.0,14.0,9.009
WS,6,none,8,500,1500,1.0,9.0,12.0,14.0,9.126999999999999
WS,6,none,9,500,1500,1.0,9.0,11.0,13.0,9.962999999999997
WS,6,none,10,500,1500,1.0,11.0,13.0,15.0,7.633
WS,6,none,11,500,1500,1.0,8.0,10.0,12.0,10.495
WS,6,none,12,500,1500,1.0,10.0,12.0,14.0,8.445
WS,6,none,13,500,1500,1.0,11.0,13.0,15.0,7.897000000000001
WS,6,none,14,500,1500,1.0,11.0,13.0,15.0,7.971
WS,6,targeted_pagerank,0,450,1136,0.9777777777777777,11.0,14.0,17.0,6.841111111111111
WS,6,targeted_pagerank,1,450,1136,0.9577777777777777,12.0,14.0,17.0,6.546666666666668
WS,6,targeted_pagerank,2,450,1136,0.6311111111111111,17.0,19.0,,2.3811111111111107
WS,6,targeted_pagerank,3,450,1136,0.7022222222222222,15.0,18.0,,3.5833333333333335
WS,6,targeted_pagerank,4,450,1136,0.9466666666666667,12.0,15.0,18.0,6.22111111111111
WS,6,targeted_pagerank,5,450,1136,0.8933333333333333,13.0,16.0,18.0,5.212222222222222
WS,6,targeted_pagerank,6,450,1136,0.9044444444444445,13.0,16.0,18.0,5.113333333333332
WS,6,targeted_pagerank,7,450,1136,0.7577777777777778,14.0,18.0,20.0,3.904444444444444
WS,6,targeted_pagerank,8,450,1136,0.6222222222222222,16.0,19.0,,3.1211111111111114
WS,6,targeted_pagerank,9,450,1136,0.8933333333333333,12.0,15.0,18.0,5.71
WS,6,targeted_pagerank,10,450,1136,0.9311111111111111,11.0,14.0,17.0,6.5600000000000005
WS,6,targeted_pagerank,11,450,1136,0.9666666666666667,11.0,14.0,17.0,6.991111111111111
WS,6,targeted_pagerank,12,450,1136,0.8933333333333333,12.0,15.0,18.0,6.054444444444444
WS,6,targeted_pagerank,13,450,1136,0.8177777777777778,15.0,17.0,20.0,3.9433333333333334
WS,6,targeted_pagerank,14,450,1136,0.7488888888888889,15.0,18.0,,3.7911111111111113
WS,6,random,0,450,1217,0.9977777777777778,9.0,11.0,13.0,9.419999999999998
WS,6,random,1,450,1217,0.9977777777777778,10.0,13.0,15.0,8.282222222222222
WS,6,random,2,450,1217,0.78,16.0,18.0,20.0,3.04
WS,6,random,3,450,1217,0.9888888888888889,12.0,14.0,16.0,7.013333333333333
WS,6,random,4,450,1217,0.9688888888888889,13.0,16.0,18.0,5.361111111111111
WS,6,random,5,450,1217,0.9622222222222222,11.0,14.0,16.0,6.746666666666666
WS,6,random,6,450,1217,0.9933333333333333,11.0,13.0,16.0,7.3022222222222215
WS,6,random,7,450,1217,0.9955555555555555,10.0,13.0,15.0,8.152222222222223
WS,6,random,8,450,1217,0.9488888888888889,13.0,16.0,18.0,5.380000000000001
WS,6,random,9,450,1217,0.9955555555555555,9.0,11.0,14.0,9.256666666666668
WS,6,random,10,450,1217,0.9755555555555555,10.0,13.0,15.0,8.171111111111111
WS,6,random,11,450,1217,0.9977777777777778,10.0,12.0,13.0,9.255555555555555
WS,6,random,12,450,1217,0.9822222222222222,11.0,13.0,15.0,7.874444444444444
WS,6,random,13,450,1217,0.9577777777777777,13.0,16.0,18.0,5.424444444444444
WS,6,random,14,450,1217,0.9777777777777777,12.0,15.0,17.0,6.23
BA,6,none,0,500,1491,1.0,6.0,7.0,8.0,13.126999999999999
BA,6,none,1,500,1491,1.0,5.0,6.0,7.0,14.175
BA,6,none,2,500,1491,0.872,17.0,18.0,20.0,2.327
BA,6,none,3,500,1491,1.0,8.0,9.0,10.0,11.203
BA,6,none,4,500,1491,1.0,6.0,7.0,9.0,13.002999999999998
BA,6,none,5,500,1491,1.0,7.0,9.0,10.0,11.839
BA,6,none,6,500,1491,0.998,7.0,8.0,9.0,12.577999999999998
BA,6,none,7,500,1491,1.0,7.0,8.0,10.0,12.041
BA,6,none,8,500,1491,1.0,7.0,8.0,9.0,12.607
BA,6,none,9,500,1491,1.0,6.0,7.0,9.0,12.953000000000001
BA,6,none,10,500,1491,1.0,6.0,8.0,9.0,12.687
BA,6,none,11,500,1491,1.0,5.0,7.0,8.0,13.761
BA,6,none,12,500,1491,1.0,7.0,8.0,9.0,12.467
BA,6,none,13,500,1491,1.0,7.0,9.0,10.0,11.961
BA,6,none,14,500,1491,1.0,7.0,8.0,10.0,11.983
BA,6,targeted_pagerank,0,450,618,0.6133333333333333,15.0,19.0,,3.552222222222222
BA,6,targeted_pagerank,1,450,618,0.22,,,,1.1111111111111112
BA,6,targeted_pagerank,2,450,618,0.006666666666666667,,,,0.05555555555555556
BA,6,targeted_pagerank,3,450,618,0.11333333333333333,,,,0.5511111111111111
BA,6,targeted_pagerank,4,450,618,0.30666666666666664,19.0,,,1.1766666666666665
BA,6,targeted_pagerank,5,450,618,0.56,14.0,19.0,,3.3388888888888886
BA,6,targeted_pagerank,6,450,618,0.0044444444444444444,,,,0.08777777777777779
BA,6,targeted_pagerank,7,450,618,0.5955555555555555,14.0,19.0,,3.6522222222222225
BA,6,targeted_pagerank,8,450,618,0.6066666666666667,16.0,19.0,,3.1777777777777776
BA,6,targeted_pagerank,9,450,618,0.0022222222222222222,,,,0.044444444444444446
BA,6,targeted_pagerank,10,450,618,0.5311111111111111,16.0,20.0,,2.7088888888888887
BA,6,targeted_pagerank,11,450,618,0.4822222222222222,17.0,,,2.293333333333333
BA,6,targeted_pagerank,12,450,618,0.3844444444444444,18.0,,,1.6400000000000001
BA,6,targeted_pagerank,13,450,618,0.43333333333333335,18.0,,,1.988888888888889
BA,6,targeted_pagerank,14,450,618,0.35777777777777775,18.0,,,1.6844444444444444
BA,6,random,0,450,1241,0.9933333333333333,6.0,8.0,9.0,12.660000000000004
BA,6,random,1,450,1241,0.9955555555555555,5.0,7.0,8.0,13.705555555555556
BA,6,random,2,450,1241,0.9222222222222223,16.0,17.0,19.0,3.4422222222222225
BA,6,random,3,450,1241,0.9933333333333333,11.0,12.0,14.0,8.242222222222223
BA,6,random,4,450,1241,0.9955555555555555,6.0,7.0,9.0,13.178888888888888
BA,6,random,5,450,1241,0.9977777777777778,6.0,8.0,10.0,12.248888888888889
BA,6,random,6,450,1241,0.9977777777777778,5.0,6.0,8.0,13.788888888888888
BA,6,random,7,450,1241,0.9977777777777778,7.0,9.0,11.0,11.50222222222222
BA,6,random,8,450,1241,0.9955555555555555,7.0,8.0,9.0,12.334444444444443
BA,6,random,9,450,1241,0.9977777777777778,7.0,8.0,9.0,12.433333333333332
BA,6,random,10,450,1241,0.9955555555555555,6.0,7.0,9.0,12.814444444444444
BA,6,random,11,450,1241,0.9977777777777778,7.0,8.0,10.0,12.053333333333331
BA,6,random,12,450,1241,0.9955555555555555,7.0,8.0,10.0,11.93888888888889
BA,6,random,13,450,1241,0.9977777777777778,5.0,7.0,8.0,13.506666666666668
BA,6,random,14,450,1241,0.9955555555555555,6.0,8.0,9.0,12.48777777777778
ER,7,none,0,500,1525,0.99,11.0,13.0,14.0,7.898
ER,7,none,1,500,1525,0.996,8.0,9.0,10.0,11.440999999999999
ER,7,none,2,500,1525,0.994,8.0,10.0,11.0,10.734
ER,7,none,3,500,1525,0.002,,,,0.04000000000000001
ER,7,none,4,500,1525,0.996,9.0,10.0,11.0,10.377
ER,7,none,5,500,1525,0.996,7.0,9.0,10.0,11.645
ER,7,none,6,500,1525,0.996,10.0,12.0,13.0,8.886999999999999
ER,7,none,7,500,1525,0.998,8.0,9.0,10.0,11.440000000000001
ER,7,none,8,500,1525,0.998,7.0,8.0,9.0,12.318
ER,7,none,9,500,1525,0.998,6.0,7.0,9.0,13.308
ER,7,none,10,500,1525,0.994,7.0,9.0,10.0,11.626
ER,7,none,11,500,1525,0.996,7.0,9.0,10.0,11.815
ER,7,none,12,500,1525,0.996,6.0,8.0,9.0,12.623000000000001
ER,7,none,13,500,1525,0.992,9.0,11.0,12.0,9.991
ER,7,none,14,500,1525,0.996,8.0,10.0,11.0,10.641000000000002
ER,7,targeted_pagerank,0,450,1024,0.9533333333333334,13.0,15.0,17.0,5.731111111111112
ER,7,targeted_pagerank,1,450,1024,0.9666666666666667,11.0,13.0,15.0,7.626666666666667
ER,7,targeted_pagerank,2,450,1024,0.9666666666666667,12.0,14.0,15.0,7.006666666666667
ER,7,targeted_pagerank,3,450,1024,0.9733333333333334,8.0,10.0,12.0,10.343333333333334
ER,7,targeted_pagerank,4,450,1024,0.9555555555555556,12.0,14.0,16.0,6.723333333333333
ER,7,targeted_pagerank,5,450,1024,0.9155555555555556,14.0,16.0,18.0,4.614444444444445
ER,7,targeted_pagerank,6,450,1024,0.9711111111111111,11.0,13.0,15.0,7.886666666666667
ER,7,targeted_pagerank,7,450,1024,0.9844444444444445,9.0,11.0,13.0,9.553333333333333
ER,7,targeted_pagerank,8,450,1024,0.9822222222222222,9.0,12.0,13.0,9.081111111111111
ER,7,targeted_pagerank,9,450,1024,0.9822222222222222,9.0,12.0,13.0,9.03888888888889
ER,7,targeted_pagerank,10,450,1024,0.9622222222222222,11.0,13.0,15.0,7.768888888888888
ER,7,targeted_pagerank,11,450,1024,0.9711111111111111,10.0,12.0,14.0,8.364444444444445
ER,7,targeted_pagerank,12,450,1024,0.9755555555555555,9.0,11.0,13.0,9.844444444444443
ER,7,targeted_pagerank,13,450,1024,0.9666666666666667,11.0,13.0,15.0,7.473333333333334
ER,7,targeted_pagerank,14,450,1024,0.9777777777777777,9.0,11.0,13.0,9.79888888888889
ER,7,random,0,450,1256,0.9822222222222222,10.0,11.0,13.0,9.205555555555556
ER,7,random,1,450,1256,0.9933333333333333,10.0,11.0,12.0,9.340000000000002
ER,7,random,2,450,1256,0.9911111111111112,7.0,9.0,10.0,11.734444444444446
ER,7,random,3,450,1256,0.9888888888888889,8.0,9.0,11.0,11.139999999999999
ER,7,random,4,450,1256,0.9888888888888889,8.0,9.0,11.0,11.226666666666667
ER,7,random,5,450,1256,0.9911111111111112,7.0,8.0,10.0,12.074444444444444
ER,7,random,6,450,1256,0.98,11.0,13.0,14.0,7.826666666666666
ER,7,random,7,450,1256,0.9866666666666667,8.0,9.0,11.0,10.978888888888887
ER,7,random,8,450,1256,0.9866666666666667,7.0,9.0,11.0,11.343333333333332
ER,7,random,9,450,1256,0.9911111111111112,6.0,7.0,9.0,13.13
ER,7,random,10,450,1256,0.9888888888888889,9.0,11.0,12.0,9.962222222222222
ER,7,random,11,450,1256,0.9933333333333333,9.0,10.0,12.0,9.973333333333334
ER,7,random,12,450,1256,0.9888888888888889,7.0,8.0,10.0,12.108888888888888
ER,7,random,13,450,1256,0.9888888888888889,9.0,11.0,13.0,9.486666666666668
ER,7,random,14,450,1256,0.9933333333333333,6.0,8.0,9.0,12.83777777777778
WS,7,none,0,500,1500,1.0,10.0,12.0,14.0,8.829
WS,7,none,1,500,1500,1.0,10.0,12.0,13.0,9.379000000000001
WS,7,none,2,500,1500,0.998,11.0,13.0,15.0,7.9879999999999995
WS,7,none,3,500,1500,0.998,10.0,12.0,14.0,8.374
WS,7,none,4,500,1500,1.0,10.0,13.0,14.0,8.325000000000001
WS,7,none,5,500,1500,1.0,10.0,12.0,14.0,9.087000000000002
WS,7,none,6,500,1500,0.988,12.0,15.0,16.0,6.551
WS,7,none,7,500,1500,0.99,13.0,15.0,17.0,5.9159999999999995
WS,7,none,8,500,1500,0.998,10.0,12.0,14.0,8.738
WS,7,none,9,500,1500,1.0,9.0,11.0,13.0,9.847
WS,7,none,10,500,1500,1.0,10.0,12.0,14.0,8.357
WS,7,none,11,500,1500,1.0,10.0,13.0,14.0,8.279
WS,7,none,12,500,1500,1.0,9.0,11.0,13.0,9.745
WS,7,none,13,500,1500,0.932,14.0,16.0,18.0,4.813000000000001
WS,7,none,14,500,1500,1.0,8.0,10.0,12.0,10.583
WS,7,targeted_pagerank,0,450,1126,0.9177777777777778,13.0,16.0,18.0,5.408888888888889
WS,7,targeted_pagerank,1,450,1126,0.9888888888888889,10.0,13.0,15.0,7.924444444444445
WS,7,targeted_pagerank,2,450,1126,0.8844444444444445,12.0,15.0,18.0,5.789999999999999
WS,7,targeted_pagerank,3,450,1126,0.9288888888888889,11.0,14.0,17.0,6.445555555555557
WS,7,targeted_pagerank,4,450,1126,0.7577777777777778,14.0,17.0,20.0,3.9844444444444442
WS,7,targeted_pagerank,5,450,1126,0.5888888888888889,17.0,20.0,,2.4733333333333336
WS,7,targeted_pagerank,6,450,1126,0.6377777777777778,15.0,19.0,,3.188888888888889
WS,7,targeted_pagerank,7,450,1126,0.8444444444444444,13.0,16.0,19.0,4.9255555555555555
WS,7,targeted_pagerank,8,450,1126,0.9511111111111111,12.0,15.0,17.0,5.972222222222221
WS,7,targeted_pagerank,9,450,1126,0.9844444444444445,10.0,13.0,15.0,8.148888888888889
WS,7,targeted_pagerank,10,450,1126,0.9266666666666666,13.0,16.0,18.0,5.173333333333334
WS,7,targeted_pagerank,11,450,1126,0.9088888888888889,12.0,15.0,18.0,5.915555555555555
WS,7,targeted_pagerank,12,450,1126,0.8422222222222222,13.0,16.0,19.0,5.217777777777778
WS,7,targeted_pagerank,13,450,1126,0.5244444444444445,17.0,20.0,,2.318888888888889
WS,7,targeted_pagerank,14,450,1126,0.88,13.0,16.0,19.0,5.116666666666667
WS,7,random,0,450,1228,0.9577777777777777,14.0,16.0,18.0,5.064444444444444
WS,7,random,1,450,1228,0.9955555555555555,10.0,12.0,14.0,8.55
WS,7,random,2,450,1228,0.9866666666666667,12.0,14.0,16.0,6.6322222222222225
WS,7,random,3,450,1228,1.0,10.0,12.0,14.0,8.652222222222221
WS,7,random,4,450,1228,0.9955555555555555,9.0,12.0,14.0,8.743333333333334
WS,7,random,5,450,1228,0.9888888888888889,10.0,12.0,14.0,8.53111111111111
WS,7,random,6,450,1228,0.9311111111111111,13.0,16.0,18.0,4.875555555555556
WS,7,random,7,450,1228,0.9977777777777778,9.0,11.0,13.0,9.573333333333334
WS,7,random,8,450,1228,0.9933333333333333,9.0,12.0,14.0,9.095555555555556
WS,7,random,9,450,1228,0.9866666666666667,10.0,12.0,15.0,8.441111111111113
WS,7,random,10,450,1228,0.9933333333333333,10.0,12.0,14.0,8.471111111111112
WS,7,random,11,450,1228,0.9911111111111112,11.0,13.0,16.0,7.563333333333333
WS,7,random,12,450,1228,1.0,9.0,11.0,13.0,9.658888888888889
WS,7,random,13,450,1228,0.9733333333333334,12.0,15.0,17.0,5.943333333333333
WS,7,random,14,450,1228,0.9977777777777778,9.0,11.0,13.0,9.56
BA,7,none,0,500,1491,0.998,9.0,10.0,11.0,10.395999999999999
BA,7,none,1,500,1491,1.0,8.0,10.0,11.0,10.763000000000002
BA,7,none,2,500,1491,1.0,9.0,10.0,12.0,10.213
BA,7,none,3,500,1491,1.0,5.0,6.0,8.0,13.995
BA,7,none,4,500,1491,1.0,6.0,7.0,9.0,13.087
BA,7,none,5,500,1491,1.0,7.0,9.0,10.0,11.934999999999999
BA,7,none,6,500,1491,0.996,12.0,13.0,15.0,7.257
BA,7,none,7,500,1491,1.0,6.0,8.0,9.0,12.557
BA,7,none,8,500,1491,1.0,5.0,6.0,7.0,14.469
BA,7,none,9,500,1491,1.0,6.0,7.0,8.0,13.383
BA,7,none,10,500,1491,1.0,4.0,5.0,7.0,15.087
BA,7,none,11,500,1491,1.0,7.0,8.0,9.0,12.451
BA,7,none,12,500,1491,1.0,6.0,7.0,8.0,13.286999999999999
BA,7,none,13,500,1491,1.0,6.0,7.0,9.0,13.141000000000002
BA,7,none,14,500,1491,1.0,8.0,9.0,10.0,11.623
BA,7,targeted_pagerank,0,450,595,0.16,,,,0.7011111111111111
BA,7,targeted_pagerank,1,450,595,0.37333333333333335,18.0,,,1.5966666666666667
BA,7,targeted_pagerank,2,450,595,0.14,,,,0.84
BA,7,targeted_pagerank,3,450,595,0.7044444444444444,12.0,16.0,,5.282222222222222
BA,7,targeted_pagerank,4,450,595,0.44222222222222224,17.0,,,2.384444444444444
BA,7,targeted_pagerank,5,450,595,0.6155555555555555,14.0,18.0,,3.7888888888888888
BA,7,targeted_pagerank,6,450,595,0.2777777777777778,20.0,,,1.188888888888889
BA,7,targeted_pagerank,7,450,595,0.17333333333333334,,,,0.7500000000000001
BA,7,targeted_pagerank,8,450,595,0.6444444444444445,14.0,18.0,,3.716666666666667
BA,7,targeted_pagerank,9,450,595,0.58,15.0,20.0,,3.0422222222222226
BA,7,targeted_pagerank,10,450,595,0.1511111111111111,,,,0.6766666666666667
BA,7,targeted_pagerank,11,450,595,0.3377777777777778,19.0,,,1.541111111111111
BA,7,targeted_pagerank,12,450,595,0.4955555555555556,16.0,,,2.686666666666667
BA,7,targeted_pagerank,13,450,595,0.03777777777777778,,,,0.14666666666666667
BA,7,targeted_pagerank,14,450,595,0.43333333333333335,17.0,,,2.2066666666666666
BA,7,random,0,450,1241,0.9955555555555555,9.0,10.0,12.0,9.983333333333334
BA,7,random,1,450,1241,0.9955555555555555,10.0,11.0,13.0,9.07
BA,7,random,2,450,1241,1.0,8.0,9.0,11.0,11.17
BA,7,random,3,450,1241,1.0,5.0,6.0,8.0,14.096666666666666
BA,7,random,4,450,1241,0.9977777777777778,7.0,9.0,10.0,11.648888888888887
BA,7,random,5,450,1241,0.9977777777777778,5.0,6.0,8.0,13.85111111111111
BA,7,random,6,450,1241,1.0,9.0,11.0,12.0,9.714444444444444
BA,7,random,7,450,1241,1.0,6.0,8.0,9.0,12.703333333333333
BA,7,random,8,450,1241,1.0,7.0,8.0,9.0,12.578888888888889
BA,7,random,9,450,1241,1.0,6.0,7.0,9.0,13.172222222222222
BA,7,random,10,450,1241,1.0,3.0,5.0,6.0,15.549999999999999
BA,7,random,11,450,1241,1.0,7.0,9.0,10.0,11.73222222222222
BA,7,random,12,450,1241,1.0,5.0,6.0,8.0,13.941111111111113
BA,7,random,13,450,1241,0.9977777777777778,6.0,8.0,9.0,12.64222222222222
BA,7,random,14,450,1241,0.9977777777777778,8.0,10.0,11.0,10.795555555555556
